ISO-10303-21;
HEADER;
FILE_DESCRIPTION(('CATIA V5 STEP Exchange'),'2;1');

FILE_NAME('C:\\DAI-COMP-001_PERSONAL_PROJECT\\11_Simulation_CFD_ANSYS\\02_Geometrie_Fluide\\DAI-COMP-001-FLUID-DOMAIN.stp','2026-07-20T20:14:23+00:00',('none'),('none'),'CATIA Version 5 Release 21 GA (IN-10)','CATIA V5 STEP AP203','none');

FILE_SCHEMA(('CONFIG_CONTROL_DESIGN'));

ENDSEC;
/* file written by CATIA V5R21 */
DATA;
#5=PRODUCT('DAI-COMP-001-FLUID-DOMAIN','','',(#2)) ;
#1=APPLICATION_CONTEXT('configuration controlled 3D design of mechanical parts and assemblies') ;
#14=PRODUCT_DEFINITION('',' ',#6,#3) ;
#16=SECURITY_CLASSIFICATION(' ',' ',#15) ;
#15=SECURITY_CLASSIFICATION_LEVEL('unclassified') ;
#47=CARTESIAN_POINT(' ',(0.,0.,0.)) ;
#53=CARTESIAN_POINT('Control Point',(-7.37505479004E-016,58.3629763312,34.1970564441)) ;
#54=CARTESIAN_POINT('Control Point',(-1.7509727372E-015,47.6582655128,41.333530323)) ;
#55=CARTESIAN_POINT('Control Point',(-4.87315882589E-015,34.1619671671,46.8350894986)) ;
#56=CARTESIAN_POINT('Control Point',(-6.0908192505E-016,18.7211816958,50.1245551388)) ;
#57=CARTESIAN_POINT('Control Point',(-1.30969847145E-015,-13.4024762549,51.7170619448)) ;
#58=CARTESIAN_POINT('Control Point',(5.5955966301E-016,-43.0794674683,43.8684466174)) ;
#59=CARTESIAN_POINT('Control Point',(7.00631368284E-016,-56.0694731327,37.7009187383)) ;
#60=CARTESIAN_POINT('Control Point',(1.04477084405E-015,-66.0971874336,29.8180127974)) ;
#61=CARTESIAN_POINT('Control Point',(-8.57054139308E-017,-72.650323739,20.9345190099)) ;
#62=CARTESIAN_POINT('Control Point',(14.0343595605,57.7557170768,34.046195938)) ;
#63=CARTESIAN_POINT('Control Point',(14.105479432,47.0898145137,41.14812916)) ;
#64=CARTESIAN_POINT('Control Point',(14.1574985689,33.6579842874,46.6136702938)) ;
#65=CARTESIAN_POINT('Control Point',(14.1835615497,18.3077655862,49.8661728921)) ;
#66=CARTESIAN_POINT('Control Point',(14.1704685592,-13.5897271338,51.3896900717)) ;
#67=CARTESIAN_POINT('Control Point',(13.9162063999,-42.9482284956,43.4678639716)) ;
#68=CARTESIAN_POINT('Control Point',(13.7382180248,-55.733817014,37.2463169608)) ;
#69=CARTESIAN_POINT('Control Point',(13.6204909902,-65.5436587068,29.3233591971)) ;
#70=CARTESIAN_POINT('Control Point',(13.5483953739,-71.8982060246,20.4308210017)) ;
#71=CARTESIAN_POINT('Control Point',(27.8794682116,57.2502543681,34.4666787987)) ;
#72=CARTESIAN_POINT('Control Point',(27.9947130128,46.6286083462,41.5391791629)) ;
#73=CARTESIAN_POINT('Control Point',(28.078897353,33.2690428207,46.9679045215)) ;
#74=CARTESIAN_POINT('Control Point',(28.1210300656,18.0195090616,50.175856239)) ;
#75=CARTESIAN_POINT('Control Point',(28.0994600379,-13.626366694,51.6011139127)) ;
#76=CARTESIAN_POINT('Control Point',(27.6835797048,-42.6434846659,43.5559473659)) ;
#77=CARTESIAN_POINT('Control Point',(27.3936165321,-55.2235040231,37.258782344)) ;
#78=CARTESIAN_POINT('Control Point',(27.2048939533,-64.8160573186,29.2782924921)) ;
#79=CARTESIAN_POINT('Control Point',(27.0922187021,-70.9687051736,20.3592838675)) ;
#80=CARTESIAN_POINT('Control Point',(41.5105027257,56.8332017553,35.4410158633)) ;
#81=CARTESIAN_POINT('Control Point',(41.651700384,46.2617096779,42.4853089749)) ;
#82=CARTESIAN_POINT('Control Point',(41.7581515369,32.9826902509,47.8741384696)) ;
#83=CARTESIAN_POINT('Control Point',(41.8163277282,17.8442544044,51.0299164094)) ;
#84=CARTESIAN_POINT('Control Point',(41.8047131706,-13.5260840431,52.3341804401)) ;
#85=CARTESIAN_POINT('Control Point',(41.2671458406,-42.1752499139,44.1244931229)) ;
#86=CARTESIAN_POINT('Control Point',(40.9029945337,-54.5376241553,37.7305389256)) ;
#87=CARTESIAN_POINT('Control Point',(40.687146878,-63.9046893148,29.6775142712)) ;
#88=CARTESIAN_POINT('Control Point',(40.570463017,-69.8473543488,20.7188145827)) ;
#89=CARTESIAN_POINT('Control Point',(61.9585069221,56.3507609504,37.7608107153)) ;
#90=CARTESIAN_POINT('Control Point',(62.092697592,45.8602051068,44.7605153491)) ;
#91=CARTESIAN_POINT('Control Point',(62.1963695698,32.7125637669,50.0802780203)) ;
#92=CARTESIAN_POINT('Control Point',(62.2567299534,17.7569362957,53.140798056)) ;
#93=CARTESIAN_POINT('Control Point',(62.257436052,-13.1530765816,54.2132012673)) ;
#94=CARTESIAN_POINT('Control Point',(61.7279756629,-41.1986962244,45.711685934)) ;
#95=CARTESIAN_POINT('Control Point',(61.3747897182,-53.2301350811,39.1692443989)) ;
#96=CARTESIAN_POINT('Control Point',(61.1823607283,-62.2566010602,31.0003060605)) ;
#97=CARTESIAN_POINT('Control Point',(61.0916129373,-67.8735441539,21.966385655)) ;
#98=CARTESIAN_POINT('Control Point',(81.9668679041,56.070991607,41.1927738394)) ;
#99=CARTESIAN_POINT('Control Point',(82.0397296092,45.6664357416,48.1359554342)) ;
#100=CARTESIAN_POINT('Control Point',(82.0963797459,32.6616272522,53.3675350555)) ;
#101=CARTESIAN_POINT('Control Point',(82.1299689975,17.9079610481,56.3062701144)) ;
#102=CARTESIAN_POINT('Control Point',(82.1325621175,-12.4820465672,57.0806130886)) ;
#103=CARTESIAN_POINT('Control Point',(81.8441212292,-39.8483445424,48.2737027012)) ;
#104=CARTESIAN_POINT('Control Point',(81.6504194932,-51.5407118367,41.608827804)) ;
#105=CARTESIAN_POINT('Control Point',(81.5481638646,-60.2263713252,33.3305568944)) ;
#106=CARTESIAN_POINT('Control Point',(81.5046996095,-65.506880467,24.2075007847)) ;
#107=CARTESIAN_POINT('Control Point',(88.7750892146,55.9968825225,42.4902286176)) ;
#108=CARTESIAN_POINT('Control Point',(88.8211411263,45.6223592648,49.4121294968)) ;
#109=CARTESIAN_POINT('Control Point',(88.856672658,32.6678470532,54.6108565046)) ;
#110=CARTESIAN_POINT('Control Point',(88.8774192976,17.9856916246,57.5045194279)) ;
#111=CARTESIAN_POINT('Control Point',(88.8780596178,-12.2188262834,58.1689245887)) ;
#112=CARTESIAN_POINT('Control Point',(88.6983412607,-39.3427534492,49.2584645672)) ;
#113=CARTESIAN_POINT('Control Point',(88.5747615686,-50.9176067004,42.5560089392)) ;
#114=CARTESIAN_POINT('Control Point',(88.5090091736,-59.4859040719,34.2414902953)) ;
#115=CARTESIAN_POINT('Control Point',(88.4829466984,-64.649586677,25.0868442692)) ;
#116=CARTESIAN_POINT('Control Point',(108.802251502,55.8331958174,46.6431616043)) ;
#117=CARTESIAN_POINT('Control Point',(108.76352919,45.5491505064,53.4956622836)) ;
#118=CARTESIAN_POINT('Control Point',(108.733095119,32.7470905314,58.5901383383)) ;
#119=CARTESIAN_POINT('Control Point',(108.714687807,18.2824777538,61.3430943487)) ;
#120=CARTESIAN_POINT('Control Point',(108.712809198,-11.3559409375,61.6688779329)) ;
#121=CARTESIAN_POINT('Control Point',(108.871866633,-37.7353636406,52.4569438238)) ;
#122=CARTESIAN_POINT('Control Point',(108.976929542,-48.9529469384,45.6565795181)) ;
#123=CARTESIAN_POINT('Control Point',(109.030022078,-57.1711704621,37.2433214181)) ;
#124=CARTESIAN_POINT('Control Point',(109.050979277,-61.9842448397,27.9938100623)) ;
#125=CARTESIAN_POINT('Control Point',(128.72943639,55.7663546853,51.6027660983)) ;
#126=CARTESIAN_POINT('Control Point',(128.62458904,45.5874179662,58.3704814786)) ;
#127=CARTESIAN_POINT('Control Point',(128.546438005,32.9592453012,63.3462258621)) ;
#128=CARTESIAN_POINT('Control Point',(128.503934558,18.7397175262,65.9460572317)) ;
#129=CARTESIAN_POINT('Control Point',(128.508987645,-10.2704629304,65.917719937)) ;
#130=CARTESIAN_POINT('Control Point',(128.878766838,-35.8242141047,56.3819343166)) ;
#131=CARTESIAN_POINT('Control Point',(129.154209975,-46.6279465535,49.4719933949)) ;
#132=CARTESIAN_POINT('Control Point',(129.314679821,-54.4481743383,40.9617212456)) ;
#133=CARTESIAN_POINT('Control Point',(129.378895456,-58.8734582073,31.6232732383)) ;
#134=CARTESIAN_POINT('Control Point',(141.955261525,55.7100243757,55.1199869038)) ;
#135=CARTESIAN_POINT('Control Point',(141.833003821,45.6152781474,61.8280391262)) ;
#136=CARTESIAN_POINT('Control Point',(141.742504809,33.1206142776,66.7229733559)) ;
#137=CARTESIAN_POINT('Control Point',(141.692906905,19.0840108644,69.2209792227)) ;
#138=CARTESIAN_POINT('Control Point',(141.685555758,-9.47070711516,68.9608820916)) ;
#139=CARTESIAN_POINT('Control Point',(142.055207692,-34.4441495686,59.1776602548)) ;
#140=CARTESIAN_POINT('Control Point',(142.334045931,-44.9336370974,52.1470941391)) ;
#141=CARTESIAN_POINT('Control Point',(142.519036319,-52.4362066008,43.5459741912)) ;
#142=CARTESIAN_POINT('Control Point',(142.623189515,-56.57029681,34.1614216844)) ;
#143=CARTESIAN_POINT('Control Point',(162.37842984,55.7419088726,60.6773898798)) ;
#144=CARTESIAN_POINT('Control Point',(162.271226601,45.786305116,67.2969403789)) ;
#145=CARTESIAN_POINT('Control Point',(162.19138663,33.5062115479,72.0734397078)) ;
#146=CARTESIAN_POINT('Control Point',(162.145580553,19.75849107,74.4230841611)) ;
#147=CARTESIAN_POINT('Control Point',(162.118277059,-8.09039378162,73.8269748575)) ;
#148=CARTESIAN_POINT('Control Point',(162.376321682,-32.1785493822,63.6632471073)) ;
#149=CARTESIAN_POINT('Control Point',(162.576361593,-42.1799041971,56.431437295)) ;
#150=CARTESIAN_POINT('Control Point',(162.734290692,-49.1853524899,47.6858144362)) ;
#151=CARTESIAN_POINT('Control Point',(162.854363303,-52.8703547232,38.2416563588)) ;
#152=CARTESIAN_POINT('Control Point',(182.997792665,55.9606329396,66.2391529047)) ;
#153=CARTESIAN_POINT('Control Point',(182.945536927,46.1526112667,72.7701966827)) ;
#154=CARTESIAN_POINT('Control Point',(182.90603929,34.0950008098,77.4301188837)) ;
#155=CARTESIAN_POINT('Control Point',(182.882080506,20.6421264686,79.6356181217)) ;
#156=CARTESIAN_POINT('Control Point',(182.858871956,-6.499535823,78.7192459487)) ;
#157=CARTESIAN_POINT('Control Point',(182.960672919,-29.7163899022,68.2062302183)) ;
#158=CARTESIAN_POINT('Control Point',(183.04299529,-39.242713809,60.7963916236)) ;
#159=CARTESIAN_POINT('Control Point',(183.117793745,-45.7751766792,51.9255813698)) ;
#160=CARTESIAN_POINT('Control Point',(183.185237631,-49.037671,42.431489808)) ;
#161=CARTESIAN_POINT('Control Point',(190.18446061,56.0603162261,68.1566950027)) ;
#162=CARTESIAN_POINT('Control Point',(190.154266332,46.3040240841,74.6567035564)) ;
#163=CARTESIAN_POINT('Control Point',(190.131126061,34.3240815298,79.2759227018)) ;
#164=CARTESIAN_POINT('Control Point',(190.116478813,20.9738030472,81.4313153146)) ;
#165=CARTESIAN_POINT('Control Point',(190.098779247,-5.92279160923,80.4043930154)) ;
#166=CARTESIAN_POINT('Control Point',(190.150164348,-28.8388805695,69.7756463269)) ;
#167=CARTESIAN_POINT('Control Point',(190.194499013,-38.2034764543,62.3102951838)) ;
#168=CARTESIAN_POINT('Control Point',(190.237254641,-44.5776207585,53.4005356682)) ;
#169=CARTESIAN_POINT('Control Point',(190.277862498,-47.6988267032,43.8898338744)) ;
#170=CARTESIAN_POINT('Control Point',(203.408170162,56.2715443364,71.6214495753)) ;
#171=CARTESIAN_POINT('Control Point',(203.421034566,46.6118762833,78.0631046322)) ;
#172=CARTESIAN_POINT('Control Point',(203.430497019,34.7763974042,82.6060949665)) ;
#173=CARTESIAN_POINT('Control Point',(203.435879735,21.6162827685,84.6681554422)) ;
#174=CARTESIAN_POINT('Control Point',(203.440181297,-4.82811350639,83.4374580267)) ;
#175=CARTESIAN_POINT('Control Point',(203.413656002,-27.1944852163,72.6051499224)) ;
#176=CARTESIAN_POINT('Control Point',(203.392877626,-36.2668597876,65.0458461363)) ;
#177=CARTESIAN_POINT('Control Point',(203.373738977,-42.358623054,56.069846742)) ;
#178=CARTESIAN_POINT('Control Point',(203.356269842,-45.2285233239,46.5297569398)) ;
#179=CARTESIAN_POINT('Control Point',(216.582286245,56.4653556732,74.9448290379)) ;
#180=CARTESIAN_POINT('Control Point',(216.626094035,46.9083324601,81.3220021206)) ;
#181=CARTESIAN_POINT('Control Point',(216.660792478,35.2257635641,85.7811736336)) ;
#182=CARTESIAN_POINT('Control Point',(216.684452183,22.2661349644,87.7413937382)) ;
#183=CARTESIAN_POINT('Control Point',(216.718953959,-3.70320902978,86.2898580409)) ;
#184=CARTESIAN_POINT('Control Point',(216.656878562,-25.5013156889,75.2470247626)) ;
#185=CARTESIAN_POINT('Control Point',(216.597746765,-34.2770619274,67.5946306885)) ;
#186=CARTESIAN_POINT('Control Point',(216.538436423,-40.0861353587,58.553853344)) ;
#187=CARTESIAN_POINT('Control Point',(216.480255044,-42.7072343639,48.986235524)) ;
#188=CARTESIAN_POINT('Control Point',(222.567469941,56.5404042638,76.4248922332)) ;
#189=CARTESIAN_POINT('Control Point',(222.62025123,47.0317556212,82.7708490028)) ;
#190=CARTESIAN_POINT('Control Point',(222.663019227,35.4212789401,87.1894924096)) ;
#191=CARTESIAN_POINT('Control Point',(222.693490653,22.5561235614,89.1005847165)) ;
#192=CARTESIAN_POINT('Control Point',(222.741226324,-3.18929758257,87.5423904267)) ;
#193=CARTESIAN_POINT('Control Point',(222.67460789,-24.7209887446,76.398809264)) ;
#194=CARTESIAN_POINT('Control Point',(222.607164829,-33.3588281179,68.7026177563)) ;
#195=CARTESIAN_POINT('Control Point',(222.538420756,-39.0370606555,59.6317674494)) ;
#196=CARTESIAN_POINT('Control Point',(222.46991295,-41.5437062597,50.0519312849)) ;
#197=CARTESIAN_POINT('Control Point',(240.026988341,56.7166105685,80.6360899777)) ;
#198=CARTESIAN_POINT('Control Point',(240.090728186,47.3533643014,86.88628039)) ;
#199=CARTESIAN_POINT('Control Point',(240.146168226,35.9596773849,91.1804998896)) ;
#200=CARTESIAN_POINT('Control Point',(240.190592053,23.3785478812,92.9408519422)) ;
#201=CARTESIAN_POINT('Control Point',(240.270663709,-1.69322085148,91.0546544578)) ;
#202=CARTESIAN_POINT('Control Point',(240.218722917,-22.4267674052,79.6017317541)) ;
#203=CARTESIAN_POINT('Control Point',(240.151242273,-30.6544014467,71.7724144706)) ;
#204=CARTESIAN_POINT('Control Point',(240.079541094,-35.9446648808,62.6110979581)) ;
#205=CARTESIAN_POINT('Control Point',(240.0046802,-38.1137174804,52.9957348926)) ;
#206=CARTESIAN_POINT('Control Point',(257.424187456,56.7794005266,84.4499075603)) ;
#207=CARTESIAN_POINT('Control Point',(257.462648255,47.5694802299,90.5953139974)) ;
#208=CARTESIAN_POINT('Control Point',(257.502969521,36.404366525,94.7529945639)) ;
#209=CARTESIAN_POINT('Control Point',(257.543439128,24.122369937,96.3480189971)) ;
#210=CARTESIAN_POINT('Control Point',(257.629768701,-0.239272282545,94.1006044064)) ;
#211=CARTESIAN_POINT('Control Point',(257.644553216,-20.1404289209,82.3068435037)) ;
#212=CARTESIAN_POINT('Control Point',(257.627561116,-27.9475526303,74.3333090973)) ;
#213=CARTESIAN_POINT('Control Point',(257.605923006,-32.8431300356,65.0762244332)) ;
#214=CARTESIAN_POINT('Control Point',(257.57787457,-34.6732529261,55.42612111)) ;
#215=CARTESIAN_POINT('Control Point',(268.928352512,56.7837715843,86.7512771445)) ;
#216=CARTESIAN_POINT('Control Point',(268.941417963,47.6755254238,92.8274837355)) ;
#217=CARTESIAN_POINT('Control Point',(268.962994723,36.6615187612,96.8944359877)) ;
#218=CARTESIAN_POINT('Control Point',(268.992425664,24.5769213268,98.3793052251)) ;
#219=CARTESIAN_POINT('Control Point',(269.064726001,0.683617849578,95.8909164035)) ;
#220=CARTESIAN_POINT('Control Point',(269.120574189,-18.6720393123,83.8675292336)) ;
#221=CARTESIAN_POINT('Control Point',(269.141427125,-26.2058272698,75.7963975209)) ;
#222=CARTESIAN_POINT('Control Point',(269.159877562,-30.8456944561,66.4747849139)) ;
#223=CARTESIAN_POINT('Control Point',(269.172183472,-32.4575359911,56.8014687168)) ;
#224=CARTESIAN_POINT('Control Point',(288.077166111,56.811475324,90.0776453621)) ;
#225=CARTESIAN_POINT('Control Point',(288.0723692,47.8610562585,96.046678564)) ;
#226=CARTESIAN_POINT('Control Point',(288.074994556,37.0812262518,99.9753397447)) ;
#227=CARTESIAN_POINT('Control Point',(288.085290918,25.3017025249,101.294547934)) ;
#228=CARTESIAN_POINT('Control Point',(288.117448075,2.1276543599,98.4495387902)) ;
#229=CARTESIAN_POINT('Control Point',(288.166151407,-16.3989956887,86.0987089656)) ;
#230=CARTESIAN_POINT('Control Point',(288.19374585,-23.5196427736,77.8912336589)) ;
#231=CARTESIAN_POINT('Control Point',(288.220953398,-27.7768750832,68.4823926342)) ;
#232=CARTESIAN_POINT('Control Point',(288.245191578,-29.064965724,58.7824630547)) ;
#233=CARTESIAN_POINT('Control Point',(307.544011006,56.7830457563,92.6545884904)) ;
#234=CARTESIAN_POINT('Control Point',(307.544981964,47.9818285281,98.5208712213)) ;
#235=CARTESIAN_POINT('Control Point',(307.542107473,37.4221043837,102.321347657)) ;
#236=CARTESIAN_POINT('Control Point',(307.535342391,25.9273523231,103.491293649)) ;
#237=CARTESIAN_POINT('Control Point',(307.51587615,3.41705374584,100.333641015)) ;
#238=CARTESIAN_POINT('Control Point',(307.490730427,-14.3582019315,87.7130263566)) ;
#239=CARTESIAN_POINT('Control Point',(307.477278625,-21.1077139052,79.3980098216)) ;
#240=CARTESIAN_POINT('Control Point',(307.464161258,-25.0273085093,69.9262430814)) ;
#241=CARTESIAN_POINT('Control Point',(307.452800104,-26.0354568396,60.2166921256)) ;
#242=CARTESIAN_POINT('Control Point',(315.161286348,56.751613312,93.5463262458)) ;
#243=CARTESIAN_POINT('Control Point',(315.165470588,48.0082447198,99.3725647683)) ;
#244=CARTESIAN_POINT('Control Point',(315.161150196,37.533483468,103.123643652)) ;
#245=CARTESIAN_POINT('Control Point',(315.14804374,26.1482424642,104.236642772)) ;
#246=CARTESIAN_POINT('Control Point',(315.107909628,3.89209895496,100.960730571)) ;
#247=CARTESIAN_POINT('Control Point',(315.051262508,-13.5974075218,88.2395219205)) ;
#248=CARTESIAN_POINT('Control Point',(315.020729558,-20.2062903194,79.8848920914)) ;
#249=CARTESIAN_POINT('Control Point',(314.99104718,-23.9987621445,70.39081384)) ;
#250=CARTESIAN_POINT('Control Point',(314.965035281,-24.9024596821,60.6793438649)) ;
#251=CARTESIAN_POINT('Control Point',(336.770350614,56.5900714799,95.7641894189)) ;
#252=CARTESIAN_POINT('Control Point',(336.779847169,48.0115224842,101.477149639)) ;
#253=CARTESIAN_POINT('Control Point',(336.770400046,37.7773338801,105.088676318)) ;
#254=CARTESIAN_POINT('Control Point',(336.741316992,26.7006745138,106.041247873)) ;
#255=CARTESIAN_POINT('Control Point',(336.652056404,5.15707745697,102.433339547)) ;
#256=CARTESIAN_POINT('Control Point',(336.523565394,-11.5386821329,89.4315232784)) ;
#257=CARTESIAN_POINT('Control Point',(336.454104738,-17.7586779031,80.967042268)) ;
#258=CARTESIAN_POINT('Control Point',(336.386866941,-21.2021160136,71.4120045056)) ;
#259=CARTESIAN_POINT('Control Point',(336.327927265,-21.8217637395,61.6967554763)) ;
#260=CARTESIAN_POINT('Control Point',(358.34529496,56.2148361509,97.095749371)) ;
#261=CARTESIAN_POINT('Control Point',(358.350908262,47.8037430286,102.696794765)) ;
#262=CARTESIAN_POINT('Control Point',(358.335980309,37.8092171433,106.170329874)) ;
#263=CARTESIAN_POINT('Control Point',(358.299987284,27.0352792285,106.964979049)) ;
#264=CARTESIAN_POINT('Control Point',(358.195129551,6.17986384943,103.032507967)) ;
#265=CARTESIAN_POINT('Control Point',(358.052222737,-9.77111599705,89.7585886253)) ;
#266=CARTESIAN_POINT('Control Point',(357.97634908,-15.6314853922,81.1885749649)) ;
#267=CARTESIAN_POINT('Control Point',(357.903853522,-18.7595958336,71.5767849854)) ;
#268=CARTESIAN_POINT('Control Point',(357.84139702,-19.1310722396,61.8606838466)) ;
#269=CARTESIAN_POINT('Control Point',(372.253728121,55.8747396353,97.5909565259)) ;
#270=CARTESIAN_POINT('Control Point',(372.252143326,47.5741008889,103.120860736)) ;
#271=CARTESIAN_POINT('Control Point',(372.23427097,37.7351529786,106.50554876)) ;
#272=CARTESIAN_POINT('Control Point',(372.200060156,27.1553230278,107.197888728)) ;
#273=CARTESIAN_POINT('Control Point',(372.106811745,6.73597802866,103.054622181)) ;
#274=CARTESIAN_POINT('Control Point',(371.991046329,-8.75375748679,89.6018607197)) ;
#275=CARTESIAN_POINT('Control Point',(371.931530689,-14.3940422249,80.9619336728)) ;
#276=CARTESIAN_POINT('Control Point',(371.875828947,-17.3327491547,71.311987572)) ;
#277=CARTESIAN_POINT('Control Point',(371.829479704,-17.5593659459,61.5938739264)) ;
#278=CARTESIAN_POINT('Control Point',(386.160448974,55.4594532359,97.6975436386)) ;
#279=CARTESIAN_POINT('Control Point',(386.15915507,47.2675915138,103.156715843)) ;
#280=CARTESIAN_POINT('Control Point',(386.147625822,37.5805065316,106.454021438)) ;
#281=CARTESIAN_POINT('Control Point',(386.125822551,27.1882707428,107.046893944)) ;
#282=CARTESIAN_POINT('Control Point',(386.066640754,7.18495925946,102.70120445)) ;
#283=CARTESIAN_POINT('Control Point',(385.993416201,-7.87542644468,89.0815109307)) ;
#284=CARTESIAN_POINT('Control Point',(385.955859134,-13.3139005879,80.3777297922)) ;
#285=CARTESIAN_POINT('Control Point',(385.920853186,-16.0838022425,70.6950000402)) ;
#286=CARTESIAN_POINT('Control Point',(385.891884925,-16.1872189581,60.9788172176)) ;
#287=CARTESIAN_POINT('Control Point',(400.,54.9615088301,97.4422632452)) ;
#288=CARTESIAN_POINT('Control Point',(400.,46.8784770458,102.830951101)) ;
#289=CARTESIAN_POINT('Control Point',(400.,37.3415598203,106.040635201)) ;
#290=CARTESIAN_POINT('Control Point',(400.,27.1326541251,106.533617873)) ;
#291=CARTESIAN_POINT('Control Point',(400.,7.53035620361,101.984913481)) ;
#292=CARTESIAN_POINT('Control Point',(400.,-7.12779312807,88.1979829442)) ;
#293=CARTESIAN_POINT('Control Point',(400.,-12.3804887434,79.430202371)) ;
#294=CARTESIAN_POINT('Control Point',(400.,-15.,69.7145951865)) ;
#295=CARTESIAN_POINT('Control Point',(400.,-15.,60.)) ;
#297=CARTESIAN_POINT('Control Point',(-7.37505479004E-016,58.3629763312,34.1970564441)) ;
#298=CARTESIAN_POINT('Control Point',(14.0343595605,57.7557170768,34.046195938)) ;
#299=CARTESIAN_POINT('Control Point',(27.8794682116,57.2502543681,34.4666787987)) ;
#300=CARTESIAN_POINT('Control Point',(41.5105027257,56.8332017553,35.4410158633)) ;
#301=CARTESIAN_POINT('Control Point',(61.9585069221,56.3507609504,37.7608107153)) ;
#302=CARTESIAN_POINT('Control Point',(81.9668679041,56.070991607,41.1927738394)) ;
#303=CARTESIAN_POINT('Control Point',(88.7750892146,55.9968825225,42.4902286176)) ;
#304=CARTESIAN_POINT('Control Point',(108.802251502,55.8331958174,46.6431616043)) ;
#305=CARTESIAN_POINT('Control Point',(128.72943639,55.7663546853,51.6027660983)) ;
#306=CARTESIAN_POINT('Control Point',(141.955261525,55.7100243757,55.1199869038)) ;
#307=CARTESIAN_POINT('Control Point',(162.37842984,55.7419088726,60.6773898798)) ;
#308=CARTESIAN_POINT('Control Point',(182.997792665,55.9606329396,66.2391529047)) ;
#309=CARTESIAN_POINT('Control Point',(190.18446061,56.0603162261,68.1566950027)) ;
#310=CARTESIAN_POINT('Control Point',(203.408170162,56.2715443364,71.6214495753)) ;
#311=CARTESIAN_POINT('Control Point',(216.582286245,56.4653556732,74.9448290379)) ;
#312=CARTESIAN_POINT('Control Point',(222.567469941,56.5404042638,76.4248922332)) ;
#313=CARTESIAN_POINT('Control Point',(240.026988341,56.7166105685,80.6360899777)) ;
#314=CARTESIAN_POINT('Control Point',(257.424187456,56.7794005266,84.4499075603)) ;
#315=CARTESIAN_POINT('Control Point',(268.928352512,56.7837715843,86.7512771445)) ;
#316=CARTESIAN_POINT('Control Point',(288.077166111,56.811475324,90.0776453621)) ;
#317=CARTESIAN_POINT('Control Point',(307.544011006,56.7830457563,92.6545884904)) ;
#318=CARTESIAN_POINT('Control Point',(315.161286348,56.751613312,93.5463262458)) ;
#319=CARTESIAN_POINT('Control Point',(336.770350614,56.5900714799,95.7641894189)) ;
#320=CARTESIAN_POINT('Control Point',(358.34529496,56.2148361509,97.095749371)) ;
#321=CARTESIAN_POINT('Control Point',(372.253728121,55.8747396353,97.5909565259)) ;
#322=CARTESIAN_POINT('Control Point',(386.160448974,55.4594532359,97.6975436386)) ;
#323=CARTESIAN_POINT('Control Point',(400.,54.9615088301,97.4422632452)) ;
#324=CARTESIAN_POINT('Vertex',(0.,58.3629763312,34.1970564441)) ;
#326=CARTESIAN_POINT('Vertex',(400.,54.9615088301,97.4422632452)) ;
#330=CARTESIAN_POINT('Control Point',(-5.81220699002E-015,58.3629763312,34.1970564441)) ;
#331=CARTESIAN_POINT('Control Point',(-6.82672362668E-015,47.6582655128,41.333530323)) ;
#332=CARTESIAN_POINT('Control Point',(-9.95063616583E-015,34.1619671671,46.8350894986)) ;
#333=CARTESIAN_POINT('Control Point',(-5.68887389734E-015,18.7211816958,50.1245551388)) ;
#334=CARTESIAN_POINT('Control Point',(-6.39366100586E-015,-13.4024762549,51.7170619448)) ;
#335=CARTESIAN_POINT('Control Point',(-4.51188295962E-015,-43.0794674683,43.8684466174)) ;
#336=CARTESIAN_POINT('Control Point',(-4.36523864495E-015,-56.0694731327,37.7009187383)) ;
#337=CARTESIAN_POINT('Control Point',(-4.02436479005E-015,-66.0971874336,29.8180127974)) ;
#338=CARTESIAN_POINT('Control Point',(-5.16118001708E-015,-72.650323739,20.9345190099)) ;
#339=CARTESIAN_POINT('Vertex',(7.1054273576E-015,-72.650323739,20.9345190099)) ;
#343=CARTESIAN_POINT('Control Point',(-8.57054139308E-017,-72.650323739,20.9345190099)) ;
#344=CARTESIAN_POINT('Control Point',(13.5483953739,-71.8982060246,20.4308210017)) ;
#345=CARTESIAN_POINT('Control Point',(27.0922187021,-70.9687051736,20.3592838675)) ;
#346=CARTESIAN_POINT('Control Point',(40.570463017,-69.8473543488,20.7188145827)) ;
#347=CARTESIAN_POINT('Control Point',(61.0916129373,-67.8735441539,21.966385655)) ;
#348=CARTESIAN_POINT('Control Point',(81.5046996095,-65.506880467,24.2075007847)) ;
#349=CARTESIAN_POINT('Control Point',(88.4829466984,-64.649586677,25.0868442692)) ;
#350=CARTESIAN_POINT('Control Point',(109.050979277,-61.9842448397,27.9938100623)) ;
#351=CARTESIAN_POINT('Control Point',(129.378895456,-58.8734582073,31.6232732383)) ;
#352=CARTESIAN_POINT('Control Point',(142.623189515,-56.57029681,34.1614216844)) ;
#353=CARTESIAN_POINT('Control Point',(162.854363303,-52.8703547232,38.2416563588)) ;
#354=CARTESIAN_POINT('Control Point',(183.185237631,-49.037671,42.431489808)) ;
#355=CARTESIAN_POINT('Control Point',(190.277862498,-47.6988267032,43.8898338744)) ;
#356=CARTESIAN_POINT('Control Point',(203.356269842,-45.2285233239,46.5297569398)) ;
#357=CARTESIAN_POINT('Control Point',(216.480255044,-42.7072343639,48.986235524)) ;
#358=CARTESIAN_POINT('Control Point',(222.46991295,-41.5437062597,50.0519312849)) ;
#359=CARTESIAN_POINT('Control Point',(240.0046802,-38.1137174804,52.9957348926)) ;
#360=CARTESIAN_POINT('Control Point',(257.57787457,-34.6732529261,55.42612111)) ;
#361=CARTESIAN_POINT('Control Point',(269.172183472,-32.4575359911,56.8014687168)) ;
#362=CARTESIAN_POINT('Control Point',(288.245191578,-29.064965724,58.7824630547)) ;
#363=CARTESIAN_POINT('Control Point',(307.452800104,-26.0354568396,60.2166921256)) ;
#364=CARTESIAN_POINT('Control Point',(314.965035281,-24.9024596821,60.6793438649)) ;
#365=CARTESIAN_POINT('Control Point',(336.327927265,-21.8217637395,61.6967554763)) ;
#366=CARTESIAN_POINT('Control Point',(357.84139702,-19.1310722396,61.8606838466)) ;
#367=CARTESIAN_POINT('Control Point',(371.829479704,-17.5593659459,61.5938739264)) ;
#368=CARTESIAN_POINT('Control Point',(385.891884925,-16.1872189581,60.9788172176)) ;
#369=CARTESIAN_POINT('Control Point',(400.,-15.,60.)) ;
#370=CARTESIAN_POINT('Vertex',(400.,-15.,60.)) ;
#374=CARTESIAN_POINT('Control Point',(400.,54.9615088301,97.4422632452)) ;
#375=CARTESIAN_POINT('Control Point',(400.,46.8784770458,102.830951101)) ;
#376=CARTESIAN_POINT('Control Point',(400.,37.3415598203,106.040635201)) ;
#377=CARTESIAN_POINT('Control Point',(400.,27.1326541251,106.533617873)) ;
#378=CARTESIAN_POINT('Control Point',(400.,7.53035620361,101.984913481)) ;
#379=CARTESIAN_POINT('Control Point',(400.,-7.12779312807,88.1979829442)) ;
#380=CARTESIAN_POINT('Control Point',(400.,-12.3804887434,79.430202371)) ;
#381=CARTESIAN_POINT('Control Point',(400.,-15.,69.7145951865)) ;
#382=CARTESIAN_POINT('Control Point',(400.,-15.,60.)) ;
#392=CARTESIAN_POINT('Control Point',(6.09383418587E-016,80.,1.88004423875E-014)) ;
#393=CARTESIAN_POINT('Control Point',(-4.43051876725E-015,80.,7.53151280962)) ;
#394=CARTESIAN_POINT('Control Point',(-5.22116011949E-015,77.7314855257,15.0631186091)) ;
#395=CARTESIAN_POINT('Control Point',(-2.90480192551E-015,73.1916687776,22.2382445393)) ;
#396=CARTESIAN_POINT('Control Point',(4.38713955903E-017,66.6047545283,28.702537646)) ;
#397=CARTESIAN_POINT('Control Point',(-7.37505479021E-016,58.3629763312,34.1970564441)) ;
#398=CARTESIAN_POINT('Control Point',(13.7401678679,79.3895702476,0.277317343509)) ;
#399=CARTESIAN_POINT('Control Point',(13.7994135695,79.2871328033,7.72583920827)) ;
#400=CARTESIAN_POINT('Control Point',(13.860546627,76.96621498,15.1653137282)) ;
#401=CARTESIAN_POINT('Control Point',(13.9212586096,72.4292597239,22.2468431903)) ;
#402=CARTESIAN_POINT('Control Point',(13.9796029011,65.8980092388,28.6246752105)) ;
#403=CARTESIAN_POINT('Control Point',(14.0343595605,57.7557170768,34.046195938)) ;
#404=CARTESIAN_POINT('Control Point',(27.4108238189,78.8656551431,1.08518743409)) ;
#405=CARTESIAN_POINT('Control Point',(27.5041250992,78.6628543837,8.46194490789)) ;
#406=CARTESIAN_POINT('Control Point',(27.6013299089,76.2922932523,15.8194113727)) ;
#407=CARTESIAN_POINT('Control Point',(27.6984071907,71.7614032612,22.8158800579)) ;
#408=CARTESIAN_POINT('Control Point',(27.791894985,65.2893023293,29.1137915992)) ;
#409=CARTESIAN_POINT('Control Point',(27.8794682115,57.2502543681,34.4666787987)) ;
#410=CARTESIAN_POINT('Control Point',(40.9709833075,78.4126964554,2.43134549039)) ;
#411=CARTESIAN_POINT('Control Point',(41.0727420448,78.1108641626,9.74201508872)) ;
#412=CARTESIAN_POINT('Control Point',(41.1820560915,75.6932142523,17.022087461)) ;
#413=CARTESIAN_POINT('Control Point',(41.2940652504,71.1720014719,23.9367846881)) ;
#414=CARTESIAN_POINT('Control Point',(41.4045439249,64.7635897831,30.1565443873)) ;
#415=CARTESIAN_POINT('Control Point',(41.5105027257,56.8332017553,35.4410158633)) ;
#416=CARTESIAN_POINT('Control Point',(61.4768174919,77.8718931643,5.29412508545)) ;
#417=CARTESIAN_POINT('Control Point',(61.5622190517,77.4190036479,12.5124799915)) ;
#418=CARTESIAN_POINT('Control Point',(61.6575903748,74.9303702314,19.6816281131)) ;
#419=CARTESIAN_POINT('Control Point',(61.7581134226,70.4250332546,26.4768677726)) ;
#420=CARTESIAN_POINT('Control Point',(61.8595062193,64.1147400194,32.580364454)) ;
#421=CARTESIAN_POINT('Control Point',(61.9585069221,56.3507609504,37.7608107153)) ;
#422=CARTESIAN_POINT('Control Point',(81.7133969436,77.532600864,9.27310733909)) ;
#423=CARTESIAN_POINT('Control Point',(81.756753797,76.9277141174,16.4036738973)) ;
#424=CARTESIAN_POINT('Control Point',(81.8064342302,74.368349461,23.4640526901)) ;
#425=CARTESIAN_POINT('Control Point',(81.8596260748,69.8796064511,30.1393288352)) ;
#426=CARTESIAN_POINT('Control Point',(81.9137843852,63.6681033686,36.1230596744)) ;
#427=CARTESIAN_POINT('Control Point',(81.9668679041,56.070991607,41.1927738394)) ;
#428=CARTESIAN_POINT('Control Point',(88.6158465034,77.4377925826,10.7609742528)) ;
#429=CARTESIAN_POINT('Control Point',(88.6427719789,76.7807450025,17.8614148212)) ;
#430=CARTESIAN_POINT('Control Point',(88.6739946604,74.1972045248,24.8842217161)) ;
#431=CARTESIAN_POINT('Control Point',(88.7075834115,69.7142663777,31.5178191103)) ;
#432=CARTESIAN_POINT('Control Point',(88.7417700564,63.5367300883,37.459642933)) ;
#433=CARTESIAN_POINT('Control Point',(88.7750892146,55.9968825225,42.4902286176)) ;
#434=CARTESIAN_POINT('Control Point',(108.934106496,77.2130214968,15.4934242312)) ;
#435=CARTESIAN_POINT('Control Point',(108.912171405,76.4006660836,22.5030062417)) ;
#436=CARTESIAN_POINT('Control Point',(108.886670282,73.7451764021,29.4119764265)) ;
#437=CARTESIAN_POINT('Control Point',(108.859035454,69.2794221509,35.9188496984)) ;
#438=CARTESIAN_POINT('Control Point',(108.830553445,63.202775445,41.7327093968)) ;
#439=CARTESIAN_POINT('Control Point',(108.802251502,55.8331958174,46.6431616043)) ;
#440=CARTESIAN_POINT('Control Point',(129.102184947,77.0416703648,21.1260610178)) ;
#441=CARTESIAN_POINT('Control Point',(129.037346429,76.0734715585,28.0251308096)) ;
#442=CARTESIAN_POINT('Control Point',(128.962512775,73.3501937901,34.799897329)) ;
#443=CARTESIAN_POINT('Control Point',(128.883021192,68.910467512,41.1602084177)) ;
#444=CARTESIAN_POINT('Control Point',(128.803881519,62.9480655871,46.827946985)) ;
#445=CARTESIAN_POINT('Control Point',(128.72943639,55.7663546853,51.6027660983)) ;
#446=CARTESIAN_POINT('Control Point',(142.415128416,76.8553559323,25.1651277094)) ;
#447=CARTESIAN_POINT('Control Point',(142.32776512,75.7883382982,31.9699949403)) ;
#448=CARTESIAN_POINT('Control Point',(142.232132473,73.0285231417,38.6370822611)) ;
#449=CARTESIAN_POINT('Control Point',(142.13439945,68.6184733998,44.8844628325)) ;
#450=CARTESIAN_POINT('Control Point',(142.040447196,62.7479656521,50.443185421)) ;
#451=CARTESIAN_POINT('Control Point',(141.955261525,55.7100243757,55.1199869038)) ;
#452=CARTESIAN_POINT('Control Point',(162.80238393,76.6487455791,31.5218446453)) ;
#453=CARTESIAN_POINT('Control Point',(162.715304128,75.4412482276,38.177652631)) ;
#454=CARTESIAN_POINT('Control Point',(162.624409828,72.6354454523,44.6778807004)) ;
#455=CARTESIAN_POINT('Control Point',(162.534805146,68.2790757606,50.7527951474)) ;
#456=CARTESIAN_POINT('Control Point',(162.451453634,62.5554672784,56.1469418854)) ;
#457=CARTESIAN_POINT('Control Point',(162.37842984,55.7419088726,60.6773898798)) ;
#458=CARTESIAN_POINT('Control Point',(183.209617111,76.6026061373,37.8324486632)) ;
#459=CARTESIAN_POINT('Control Point',(183.164246914,75.2735586891,44.3478313773)) ;
#460=CARTESIAN_POINT('Control Point',(183.118110955,72.4345203115,50.691748593)) ;
#461=CARTESIAN_POINT('Control Point',(183.073535261,68.1371016258,56.6055340122)) ;
#462=CARTESIAN_POINT('Control Point',(183.032818095,62.5582168422,61.8458788459)) ;
#463=CARTESIAN_POINT('Control Point',(182.997792665,55.9606329396,66.2391529047)) ;
#464=CARTESIAN_POINT('Control Point',(190.306797316,76.6098126793,40.0002358355)) ;
#465=CARTESIAN_POINT('Control Point',(190.280331776,75.2409366851,46.4690461881)) ;
#466=CARTESIAN_POINT('Control Point',(190.253602247,72.3916614108,52.7609354051)) ;
#467=CARTESIAN_POINT('Control Point',(190.227901185,68.1147785571,58.6209091104)) ;
#468=CARTESIAN_POINT('Control Point',(190.204516273,62.5850146803,63.809676085)) ;
#469=CARTESIAN_POINT('Control Point',(190.18446061,56.0603162261,68.1566950027)) ;
#470=CARTESIAN_POINT('Control Point',(203.354877555,76.6478609758,43.9112415239)) ;
#471=CARTESIAN_POINT('Control Point',(203.366449892,75.2100829412,50.2976509456)) ;
#472=CARTESIAN_POINT('Control Point',(203.378130505,72.3445688386,56.4971774816)) ;
#473=CARTESIAN_POINT('Control Point',(203.389338372,68.1060237792,62.2612873124)) ;
#474=CARTESIAN_POINT('Control Point',(203.399502069,62.6652089508,67.3577439724)) ;
#475=CARTESIAN_POINT('Control Point',(203.408170162,56.2715443364,71.6214495753)) ;
#476=CARTESIAN_POINT('Control Point',(216.40815953,76.6516174746,47.6829259698)) ;
#477=CARTESIAN_POINT('Control Point',(216.445671911,75.1514367118,53.9873096771)) ;
#478=CARTESIAN_POINT('Control Point',(216.483600212,72.2747749168,60.0946869565)) ;
#479=CARTESIAN_POINT('Control Point',(216.520151637,68.0779459217,65.7627578403)) ;
#480=CARTESIAN_POINT('Control Point',(216.553519633,62.7277479168,70.7660768432)) ;
#481=CARTESIAN_POINT('Control Point',(216.582286245,56.4653556732,74.9448290379)) ;
#482=CARTESIAN_POINT('Control Point',(222.360706592,76.6354644878,49.3711521227)) ;
#483=CARTESIAN_POINT('Control Point',(222.404984656,75.1079725943,55.6375837353)) ;
#484=CARTESIAN_POINT('Control Point',(222.449870144,72.2272747902,61.7023004142)) ;
#485=CARTESIAN_POINT('Control Point',(222.49325993,68.050380801,67.3258371712)) ;
#486=CARTESIAN_POINT('Control Point',(222.533019622,62.7422768077,72.2858351007)) ;
#487=CARTESIAN_POINT('Control Point',(222.567469941,56.5404042638,76.4248922332)) ;
#488=CARTESIAN_POINT('Control Point',(239.7891623,76.5338823982,54.1987798304)) ;
#489=CARTESIAN_POINT('Control Point',(239.838765687,74.9295365704,60.3532388405)) ;
#490=CARTESIAN_POINT('Control Point',(239.88967171,72.0396941993,66.2919866526)) ;
#491=CARTESIAN_POINT('Control Point',(239.939546276,67.9233081097,71.7837966933)) ;
#492=CARTESIAN_POINT('Control Point',(239.985963265,62.7400741233,76.6152817688)) ;
#493=CARTESIAN_POINT('Control Point',(240.026988341,56.7166105685,80.6360899777)) ;
#494=CARTESIAN_POINT('Control Point',(257.301789577,76.2978249372,58.6319818632)) ;
#495=CARTESIAN_POINT('Control Point',(257.32427131,74.6253642822,64.6750120513)) ;
#496=CARTESIAN_POINT('Control Point',(257.348870077,71.7329149434,70.488124654)) ;
#497=CARTESIAN_POINT('Control Point',(257.374509342,67.6811068959,75.8479617328)) ;
#498=CARTESIAN_POINT('Control Point',(257.399962926,62.6245062457,80.5497241598)) ;
#499=CARTESIAN_POINT('Control Point',(257.424187456,56.7794005266,84.4499075603)) ;
#500=CARTESIAN_POINT('Control Point',(268.910484024,76.1050274039,61.3249859258)) ;
#501=CARTESIAN_POINT('Control Point',(268.909180914,74.3914385169,67.2980437444)) ;
#502=CARTESIAN_POINT('Control Point',(268.910414871,71.4991685365,73.0321001917)) ;
#503=CARTESIAN_POINT('Control Point',(268.914159111,67.4898206502,78.3086213204)) ;
#504=CARTESIAN_POINT('Control Point',(268.920225744,62.514739401,82.9280960958)) ;
#505=CARTESIAN_POINT('Control Point',(268.928352512,56.7837715843,86.7512771445)) ;
#506=CARTESIAN_POINT('Control Point',(288.11402061,75.8411181143,65.2315524444)) ;
#507=CARTESIAN_POINT('Control Point',(288.10296879,74.0666407531,71.1006214257)) ;
#508=CARTESIAN_POINT('Control Point',(288.093354456,71.1744810213,76.7175963144)) ;
#509=CARTESIAN_POINT('Control Point',(288.085627813,67.2276990723,81.8708828501)) ;
#510=CARTESIAN_POINT('Control Point',(288.08015561,62.3731287201,86.3685919777)) ;
#511=CARTESIAN_POINT('Control Point',(288.077166111,56.811475324,90.0776453621)) ;
#512=CARTESIAN_POINT('Control Point',(307.529706096,75.5484172198,68.3241169223)) ;
#513=CARTESIAN_POINT('Control Point',(307.534547256,73.7236609815,74.1002759075)) ;
#514=CARTESIAN_POINT('Control Point',(307.53856121,70.8339618488,79.6132389671)) ;
#515=CARTESIAN_POINT('Control Point',(307.541558794,66.9435566342,84.6572865893)) ;
#516=CARTESIAN_POINT('Control Point',(307.543399962,62.1955425378,89.0469975011)) ;
#517=CARTESIAN_POINT('Control Point',(307.544011006,56.7830457563,92.6545884904)) ;
#518=CARTESIAN_POINT('Control Point',(315.124387422,75.4142013095,69.4113971155)) ;
#519=CARTESIAN_POINT('Control Point',(315.135838873,73.5715069829,75.1523124363)) ;
#520=CARTESIAN_POINT('Control Point',(315.14567942,70.6835859913,80.6258651273)) ;
#521=CARTESIAN_POINT('Control Point',(315.153432208,66.8150745191,85.6285228912)) ;
#522=CARTESIAN_POINT('Control Point',(315.15871549,62.1076526706,89.9772758804)) ;
#523=CARTESIAN_POINT('Control Point',(315.161286348,56.751613312,93.5463262458)) ;
#524=CARTESIAN_POINT('Control Point',(336.68868336,74.956976444,72.1657806645)) ;
#525=CARTESIAN_POINT('Control Point',(336.71408426,73.0686004485,77.8104929432)) ;
#526=CARTESIAN_POINT('Control Point',(336.735823995,70.1888224488,83.1762940824)) ;
#527=CARTESIAN_POINT('Control Point',(336.752914863,66.3832062127,88.0655157024)) ;
#528=CARTESIAN_POINT('Control Point',(336.764581407,61.7894536073,92.3016264121)) ;
#529=CARTESIAN_POINT('Control Point',(336.770350614,56.5900714799,95.7641894189)) ;
#530=CARTESIAN_POINT('Control Point',(358.272854061,74.2708645125,73.981273988)) ;
#531=CARTESIAN_POINT('Control Point',(358.297487346,72.3522390595,79.5409073812)) ;
#532=CARTESIAN_POINT('Control Point',(358.317681472,69.4900877361,84.8107333321)) ;
#533=CARTESIAN_POINT('Control Point',(358.332671495,65.7503254386,89.5979874521)) ;
#534=CARTESIAN_POINT('Control Point',(358.34194512,61.2667738691,93.7316031152)) ;
#535=CARTESIAN_POINT('Control Point',(358.34529496,56.2148361509,97.095749371)) ;
#536=CARTESIAN_POINT('Control Point',(372.21639993,73.7193625459,74.7644442554)) ;
#537=CARTESIAN_POINT('Control Point',(372.23213129,71.7883171675,80.2746310437)) ;
#538=CARTESIAN_POINT('Control Point',(372.243912921,68.9422962946,85.488110578)) ;
#539=CARTESIAN_POINT('Control Point',(372.251450447,65.24719001,90.2148519254)) ;
#540=CARTESIAN_POINT('Control Point',(372.25467442,60.8343200563,94.2868659257)) ;
#541=CARTESIAN_POINT('Control Point',(372.253728121,55.8747396353,97.5909565259)) ;
#542=CARTESIAN_POINT('Control Point',(386.138974982,73.0948377514,75.1351038439)) ;
#543=CARTESIAN_POINT('Control Point',(386.148339892,71.1579410536,80.6006073796)) ;
#544=CARTESIAN_POINT('Control Point',(386.155230767,68.3310030196,85.7628685807)) ;
#545=CARTESIAN_POINT('Control Point',(386.159520022,64.679811722,90.4342306983)) ;
#546=CARTESIAN_POINT('Control Point',(386.161216296,60.3335124543,94.4493977724)) ;
#547=CARTESIAN_POINT('Control Point',(386.160448974,55.4594532359,97.6975436386)) ;
#548=CARTESIAN_POINT('Control Point',(400.,72.3836288866,75.1204498082)) ;
#549=CARTESIAN_POINT('Control Point',(400.,70.4478594447,80.5465406108)) ;
#550=CARTESIAN_POINT('Control Point',(400.,67.6438365532,85.6629088139)) ;
#551=CARTESIAN_POINT('Control Point',(400.,64.0371475382,90.2839215872)) ;
#552=CARTESIAN_POINT('Control Point',(400.,59.7549898407,94.2466092382)) ;
#553=CARTESIAN_POINT('Control Point',(400.,54.9615088301,97.4422632452)) ;
#555=CARTESIAN_POINT('Control Point',(6.09383418587E-016,80.,1.75942248389E-014)) ;
#556=CARTESIAN_POINT('Control Point',(13.7401678679,79.3895702476,0.277317343509)) ;
#557=CARTESIAN_POINT('Control Point',(27.4108238189,78.8656551431,1.08518743409)) ;
#558=CARTESIAN_POINT('Control Point',(40.9709833075,78.4126964554,2.43134549039)) ;
#559=CARTESIAN_POINT('Control Point',(61.4768174919,77.8718931643,5.29412508545)) ;
#560=CARTESIAN_POINT('Control Point',(81.7133969436,77.532600864,9.27310733909)) ;
#561=CARTESIAN_POINT('Control Point',(88.6158465034,77.4377925826,10.7609742528)) ;
#562=CARTESIAN_POINT('Control Point',(108.934106496,77.2130214968,15.4934242312)) ;
#563=CARTESIAN_POINT('Control Point',(129.102184947,77.0416703648,21.1260610178)) ;
#564=CARTESIAN_POINT('Control Point',(142.415128416,76.8553559323,25.1651277094)) ;
#565=CARTESIAN_POINT('Control Point',(162.80238393,76.6487455791,31.5218446453)) ;
#566=CARTESIAN_POINT('Control Point',(183.209617111,76.6026061373,37.8324486632)) ;
#567=CARTESIAN_POINT('Control Point',(190.306797316,76.6098126793,40.0002358355)) ;
#568=CARTESIAN_POINT('Control Point',(203.354877555,76.6478609758,43.9112415239)) ;
#569=CARTESIAN_POINT('Control Point',(216.40815953,76.6516174746,47.6829259698)) ;
#570=CARTESIAN_POINT('Control Point',(222.360706592,76.6354644878,49.3711521227)) ;
#571=CARTESIAN_POINT('Control Point',(239.7891623,76.5338823982,54.1987798304)) ;
#572=CARTESIAN_POINT('Control Point',(257.301789577,76.2978249372,58.6319818632)) ;
#573=CARTESIAN_POINT('Control Point',(268.910484024,76.1050274039,61.3249859258)) ;
#574=CARTESIAN_POINT('Control Point',(288.11402061,75.8411181143,65.2315524444)) ;
#575=CARTESIAN_POINT('Control Point',(307.529706096,75.5484172198,68.3241169223)) ;
#576=CARTESIAN_POINT('Control Point',(315.124387422,75.4142013095,69.4113971155)) ;
#577=CARTESIAN_POINT('Control Point',(336.68868336,74.956976444,72.1657806645)) ;
#578=CARTESIAN_POINT('Control Point',(358.272854061,74.2708645125,73.981273988)) ;
#579=CARTESIAN_POINT('Control Point',(372.21639993,73.7193625459,74.7644442554)) ;
#580=CARTESIAN_POINT('Control Point',(386.138974982,73.0948377514,75.1351038439)) ;
#581=CARTESIAN_POINT('Control Point',(400.,72.3836288866,75.1204498082)) ;
#582=CARTESIAN_POINT('Vertex',(0.,80.,1.86517468137E-014)) ;
#584=CARTESIAN_POINT('Vertex',(400.,72.3836288866,75.1204498082)) ;
#588=CARTESIAN_POINT('Control Point',(-4.47309250692E-015,80.,1.81291216736E-014)) ;
#589=CARTESIAN_POINT('Control Point',(-9.5095156148E-015,80.,7.53151280962)) ;
#590=CARTESIAN_POINT('Control Point',(-1.02977364848E-014,77.7314855257,15.0631186091)) ;
#591=CARTESIAN_POINT('Control Point',(-7.97993168578E-015,73.1916687776,22.2382445393)) ;
#592=CARTESIAN_POINT('Control Point',(-5.03068297253E-015,66.6047545283,28.702537646)) ;
#593=CARTESIAN_POINT('Control Point',(-5.81220699004E-015,58.3629763312,34.1970564441)) ;
#596=CARTESIAN_POINT('Control Point',(400.,72.3836288866,75.1204498082)) ;
#597=CARTESIAN_POINT('Control Point',(400.,70.4478594447,80.5465406108)) ;
#598=CARTESIAN_POINT('Control Point',(400.,67.6438365532,85.6629088139)) ;
#599=CARTESIAN_POINT('Control Point',(400.,64.0371475382,90.2839215872)) ;
#600=CARTESIAN_POINT('Control Point',(400.,59.7549898407,94.2466092382)) ;
#601=CARTESIAN_POINT('Control Point',(400.,54.9615088301,97.4422632452)) ;
#610=CARTESIAN_POINT('Axis2P3D Location',(-2.9067657372E-016,4.49631307355,2.23785321633)) ;
#616=CARTESIAN_POINT('Control Point',(-2.9067657372E-016,79.7753116515,-3.744769837)) ;
#617=CARTESIAN_POINT('Control Point',(-2.9067657372E-016,79.8650757651,-2.99779467579)) ;
#618=CARTESIAN_POINT('Control Point',(-2.9067657372E-016,79.9324905339,-2.24941166027)) ;
#619=CARTESIAN_POINT('Control Point',(-2.9067657372E-016,79.9775016282,-1.49959467003)) ;
#620=CARTESIAN_POINT('Control Point',(-2.9067657372E-016,80.,-0.749797416455)) ;
#621=CARTESIAN_POINT('Control Point',(-2.9067657372E-016,80.,1.95399252334E-014)) ;
#622=CARTESIAN_POINT('Vertex',(0.,79.7753116515,-3.744769837)) ;
#626=CARTESIAN_POINT('Control Point',(-2.9067657372E-016,78.593816555,-9.33349142792)) ;
#627=CARTESIAN_POINT('Control Point',(-2.9067657372E-016,78.9296866141,-8.2287120187)) ;
#628=CARTESIAN_POINT('Control Point',(-2.9067657372E-016,79.2163947302,-7.11609824672)) ;
#629=CARTESIAN_POINT('Control Point',(-2.9067657372E-016,79.4535534088,-5.99550346341)) ;
#630=CARTESIAN_POINT('Control Point',(-2.9067657372E-016,79.6398834026,-4.8717406727)) ;
#631=CARTESIAN_POINT('Control Point',(-2.9067657372E-016,79.7753116515,-3.744769837)) ;
#632=CARTESIAN_POINT('Vertex',(-7.1054273576E-015,78.593816555,-9.33349142792)) ;
#636=CARTESIAN_POINT('Control Point',(-2.9067657372E-016,75.9527419948,-15.7020722094)) ;
#637=CARTESIAN_POINT('Control Point',(-2.9067657372E-016,76.6105858678,-14.4590772837)) ;
#638=CARTESIAN_POINT('Control Point',(-2.9067657372E-016,77.2053675766,-13.198587848)) ;
#639=CARTESIAN_POINT('Control Point',(-2.9067657372E-016,77.735273427,-11.9226539151)) ;
#640=CARTESIAN_POINT('Control Point',(-2.9067657372E-016,78.1985935692,-10.6335007766)) ;
#641=CARTESIAN_POINT('Control Point',(-2.9067657372E-016,78.593816555,-9.33349142792)) ;
#642=CARTESIAN_POINT('Vertex',(-7.1054273576E-015,75.9527419948,-15.7020722094)) ;
#646=CARTESIAN_POINT('Control Point',(-2.9067657372E-016,72.6503185233,-20.9345260804)) ;
#647=CARTESIAN_POINT('Control Point',(-2.9067657372E-016,73.3992737741,-19.9192356481)) ;
#648=CARTESIAN_POINT('Control Point',(-2.9067657372E-016,74.10534811,-18.8873630103)) ;
#649=CARTESIAN_POINT('Control Point',(-2.9067657372E-016,74.7679259412,-17.8386440599)) ;
#650=CARTESIAN_POINT('Control Point',(-2.9067657372E-016,75.3839003848,-16.7768975042)) ;
#651=CARTESIAN_POINT('Control Point',(-2.9067657372E-016,75.9527419948,-15.7020722094)) ;
#652=CARTESIAN_POINT('Vertex',(0.,72.6503185233,-20.9345260804)) ;
#656=CARTESIAN_POINT('Control Point',(-2.9067657372E-016,-80.,-3.5527136788E-014)) ;
#657=CARTESIAN_POINT('Control Point',(-2.9067657372E-016,-80.,-4.26290777756)) ;
#658=CARTESIAN_POINT('Control Point',(-2.9067657372E-016,-79.2731965604,-8.52582902485)) ;
#659=CARTESIAN_POINT('Control Point',(-2.9067657372E-016,-77.8190775432,-12.6993768928)) ;
#660=CARTESIAN_POINT('Control Point',(-2.9067657372E-016,-73.5613234903,-20.7255732819)) ;
#661=CARTESIAN_POINT('Control Point',(-2.9067657372E-016,-66.9220015337,-27.8544847281)) ;
#662=CARTESIAN_POINT('Control Point',(-2.9067657372E-016,-63.0739667244,-31.147668746)) ;
#663=CARTESIAN_POINT('Control Point',(-2.9067657372E-016,-53.0713587949,-38.1285965716)) ;
#664=CARTESIAN_POINT('Control Point',(-2.9067657372E-016,-41.1356287433,-43.347299809)) ;
#665=CARTESIAN_POINT('Control Point',(-2.9067657372E-016,-33.8475754603,-45.7256064627)) ;
#666=CARTESIAN_POINT('Control Point',(-2.9067657372E-016,-16.5096270077,-49.7613315465)) ;
#667=CARTESIAN_POINT('Control Point',(-2.9067657372E-016,1.73575322484,-50.5964306873)) ;
#668=CARTESIAN_POINT('Control Point',(-2.9067657372E-016,12.0277761238,-50.0529553344)) ;
#669=CARTESIAN_POINT('Control Point',(-2.9067657372E-016,29.1573245899,-47.3978281676)) ;
#670=CARTESIAN_POINT('Control Point',(-2.9067657372E-016,44.7859645014,-41.819228273)) ;
#671=CARTESIAN_POINT('Control Point',(-2.9067657372E-016,50.8744850077,-39.0240388979)) ;
#672=CARTESIAN_POINT('Control Point',(-2.9067657372E-016,59.4560939757,-33.9977075388)) ;
#673=CARTESIAN_POINT('Control Point',(-2.9067657372E-016,66.5513353481,-27.9316098682)) ;
#674=CARTESIAN_POINT('Control Point',(-2.9067657372E-016,68.8163110276,-25.7037211638)) ;
#675=CARTESIAN_POINT('Control Point',(-2.9067657372E-016,70.856202652,-23.3666455918)) ;
#676=CARTESIAN_POINT('Control Point',(-2.9067657372E-016,72.6503185233,-20.9345260804)) ;
#677=CARTESIAN_POINT('Vertex',(-7.1054273576E-015,-80.,-3.20160564726E-014)) ;
#681=CARTESIAN_POINT('Control Point',(-2.9067657372E-016,-79.7753114727,3.74477132515)) ;
#682=CARTESIAN_POINT('Control Point',(-2.9067657372E-016,-79.8650756576,2.99779586867)) ;
#683=CARTESIAN_POINT('Control Point',(-2.9067657372E-016,-79.9324904801,2.24941255621)) ;
#684=CARTESIAN_POINT('Control Point',(-2.9067657372E-016,-79.9775016102,1.49959526731)) ;
#685=CARTESIAN_POINT('Control Point',(-2.9067657372E-016,-80.,0.749797715093)) ;
#686=CARTESIAN_POINT('Control Point',(-2.9067657372E-016,-80.,-3.19744231092E-014)) ;
#687=CARTESIAN_POINT('Vertex',(7.1054273576E-015,-79.7753114727,3.74477132515)) ;
#691=CARTESIAN_POINT('Control Point',(-2.9067657372E-016,-78.5938197571,9.33348089521)) ;
#692=CARTESIAN_POINT('Control Point',(-2.9067657372E-016,-78.9296887132,8.22870382251)) ;
#693=CARTESIAN_POINT('Control Point',(-2.9067657372E-016,-79.2163959351,7.11609242949)) ;
#694=CARTESIAN_POINT('Control Point',(-2.9067657372E-016,-79.4535539313,5.99550006875)) ;
#695=CARTESIAN_POINT('Control Point',(-2.9067657372E-016,-79.6398834638,4.87173971311)) ;
#696=CARTESIAN_POINT('Control Point',(-2.9067657372E-016,-79.7753114727,3.74477132515)) ;
#697=CARTESIAN_POINT('Vertex',(0.,-78.5938197571,9.33348089521)) ;
#701=CARTESIAN_POINT('Control Point',(-2.9067657372E-016,-75.95273776,15.702080211)) ;
#702=CARTESIAN_POINT('Control Point',(-2.9067657372E-016,-76.6105838702,14.4590817609)) ;
#703=CARTESIAN_POINT('Control Point',(-2.9067657372E-016,-77.2053674566,13.1985886911)) ;
#704=CARTESIAN_POINT('Control Point',(-2.9067657372E-016,-77.7352748091,11.9226510318)) ;
#705=CARTESIAN_POINT('Control Point',(-2.9067657372E-016,-78.1985960628,10.6334940944)) ;
#706=CARTESIAN_POINT('Control Point',(-2.9067657372E-016,-78.5938197571,9.33348089521)) ;
#707=CARTESIAN_POINT('Vertex',(7.1054273576E-015,-75.95273776,15.702080211)) ;
#711=CARTESIAN_POINT('Control Point',(-2.9067657372E-016,-72.650323739,20.9345190099)) ;
#712=CARTESIAN_POINT('Control Point',(-2.9067657372E-016,-73.3992765945,19.9192314089)) ;
#713=CARTESIAN_POINT('Control Point',(-2.9067657372E-016,-74.1053487761,18.8873617023)) ;
#714=CARTESIAN_POINT('Control Point',(-2.9067657372E-016,-74.7679246991,17.8386457856)) ;
#715=CARTESIAN_POINT('Control Point',(-2.9067657372E-016,-75.3838975076,16.776902333)) ;
#716=CARTESIAN_POINT('Control Point',(-2.9067657372E-016,-75.95273776,15.702080211)) ;
#733=CARTESIAN_POINT('Control Point',(-8.57054139308E-017,-72.650323739,20.9345190099)) ;
#734=CARTESIAN_POINT('Control Point',(-3.02458399568E-016,-73.9070169125,19.2309338136)) ;
#735=CARTESIAN_POINT('Control Point',(-7.54868428952E-017,-75.0101463873,17.4831040662)) ;
#736=CARTESIAN_POINT('Control Point',(-6.25583641584E-016,-75.95273776,15.702080211)) ;
#737=CARTESIAN_POINT('Control Point',(13.5483953739,-71.8982060246,20.4308210017)) ;
#738=CARTESIAN_POINT('Control Point',(13.5345696171,-73.1145638247,18.7285542175)) ;
#739=CARTESIAN_POINT('Control Point',(13.521346109,-74.1790008556,16.9835289999)) ;
#740=CARTESIAN_POINT('Control Point',(13.5076509034,-75.0839492916,15.2061204543)) ;
#741=CARTESIAN_POINT('Control Point',(27.0922187021,-70.9687051736,20.3592838675)) ;
#742=CARTESIAN_POINT('Control Point',(27.07067294,-72.1435822574,18.6559248062)) ;
#743=CARTESIAN_POINT('Control Point',(27.050313343,-73.1682687436,16.9112499029)) ;
#744=CARTESIAN_POINT('Control Point',(27.0290131125,-74.0346869364,15.1350897913)) ;
#745=CARTESIAN_POINT('Control Point',(40.570463017,-69.8473543488,20.7188145827)) ;
#746=CARTESIAN_POINT('Control Point',(40.5482592668,-70.9786029826,19.0130798004)) ;
#747=CARTESIAN_POINT('Control Point',(40.5278069842,-71.9617115934,17.2676084779)) ;
#748=CARTESIAN_POINT('Control Point',(40.5058807492,-72.788029137,15.4916700661)) ;
#749=CARTESIAN_POINT('Control Point',(61.0916129373,-67.8735441539,21.966385655)) ;
#750=CARTESIAN_POINT('Control Point',(61.0744599252,-68.9370056498,20.2555074)) ;
#751=CARTESIAN_POINT('Control Point',(61.0592572638,-69.8549116137,18.5068799256)) ;
#752=CARTESIAN_POINT('Control Point',(61.0423286129,-70.6185674503,16.7295791308)) ;
#753=CARTESIAN_POINT('Control Point',(81.5046996095,-65.506880467,24.2075007847)) ;
#754=CARTESIAN_POINT('Control Point',(81.4965313028,-66.5004766906,22.4907340158)) ;
#755=CARTESIAN_POINT('Control Point',(81.4895488579,-67.3501093251,20.7376507579)) ;
#756=CARTESIAN_POINT('Control Point',(81.4814978054,-68.0485773159,18.9581075464)) ;
#757=CARTESIAN_POINT('Control Point',(88.4829466984,-64.649586677,25.0868442692)) ;
#758=CARTESIAN_POINT('Control Point',(88.4780643016,-65.6189460192,23.3681183579)) ;
#759=CARTESIAN_POINT('Control Point',(88.4740287396,-66.4448073294,21.6135273393)) ;
#760=CARTESIAN_POINT('Control Point',(88.4692364687,-67.1206271239,19.8332789374)) ;
#761=CARTESIAN_POINT('Control Point',(109.050979277,-61.9842448397,27.9938100623)) ;
#762=CARTESIAN_POINT('Control Point',(109.054929773,-62.8810641644,26.2695998622)) ;
#763=CARTESIAN_POINT('Control Point',(109.058210102,-63.6351785182,24.510615609)) ;
#764=CARTESIAN_POINT('Control Point',(109.062092043,-64.2428643226,22.7285549057)) ;
#765=CARTESIAN_POINT('Control Point',(129.378895456,-58.8734582073,31.6232732383)) ;
#766=CARTESIAN_POINT('Control Point',(129.390803898,-59.6900083981,29.8990292251)) ;
#767=CARTESIAN_POINT('Control Point',(129.400586764,-60.3654036321,28.1416432571)) ;
#768=CARTESIAN_POINT('Control Point',(129.412256452,-60.8991258788,26.3641205505)) ;
#769=CARTESIAN_POINT('Control Point',(142.623189515,-56.57029681,34.1614216844)) ;
#770=CARTESIAN_POINT('Control Point',(142.642302095,-57.3258504565,32.4443081977)) ;
#771=CARTESIAN_POINT('Control Point',(142.660244797,-57.9445014483,30.696699865)) ;
#772=CARTESIAN_POINT('Control Point',(142.679369433,-58.4252280812,28.9306834918)) ;
#773=CARTESIAN_POINT('Control Point',(162.854363303,-52.8703547232,38.2416563588)) ;
#774=CARTESIAN_POINT('Control Point',(162.875922613,-53.5332911265,36.5404554603)) ;
#775=CARTESIAN_POINT('Control Point',(162.897973675,-54.0662315263,34.8125425356)) ;
#776=CARTESIAN_POINT('Control Point',(162.919959519,-54.4674100138,33.0688577267)) ;
#777=CARTESIAN_POINT('Control Point',(183.185237631,-49.037671,42.431489808)) ;
#778=CARTESIAN_POINT('Control Point',(183.197159275,-49.615675448,40.7487894367)) ;
#779=CARTESIAN_POINT('Control Point',(183.209890458,-50.0700897812,39.0426035304)) ;
#780=CARTESIAN_POINT('Control Point',(183.222194123,-50.398758148,37.3231640668)) ;
#781=CARTESIAN_POINT('Control Point',(190.277862498,-47.6988267032,43.8898338744)) ;
#782=CARTESIAN_POINT('Control Point',(190.284971393,-48.248744456,42.213543234)) ;
#783=CARTESIAN_POINT('Control Point',(190.292687197,-48.6771268306,40.5147807065)) ;
#784=CARTESIAN_POINT('Control Point',(190.300052824,-48.9817833215,38.8036214879)) ;
#785=CARTESIAN_POINT('Control Point',(203.356269842,-45.2285233239,46.5297569398)) ;
#786=CARTESIAN_POINT('Control Point',(203.353165473,-45.7289098683,44.8653606331)) ;
#787=CARTESIAN_POINT('Control Point',(203.3498898,-46.1114614619,43.1803072928)) ;
#788=CARTESIAN_POINT('Control Point',(203.346715441,-46.3738894111,41.4843945016)) ;
#789=CARTESIAN_POINT('Control Point',(216.480255044,-42.7072343639,48.986235524)) ;
#790=CARTESIAN_POINT('Control Point',(216.470194773,-43.1592318752,47.3357627882)) ;
#791=CARTESIAN_POINT('Control Point',(216.459013728,-43.4975183234,45.6665406289)) ;
#792=CARTESIAN_POINT('Control Point',(216.448466674,-43.7194470774,43.9879883008)) ;
#793=CARTESIAN_POINT('Control Point',(222.46991295,-41.5437062597,50.0519312849)) ;
#794=CARTESIAN_POINT('Control Point',(222.458153428,-41.9735615417,48.4084483575)) ;
#795=CARTESIAN_POINT('Control Point',(222.444867587,-42.2917338716,46.747121833)) ;
#796=CARTESIAN_POINT('Control Point',(222.432415997,-42.4953458799,45.0771684492)) ;
#797=CARTESIAN_POINT('Control Point',(240.0046802,-38.1137174804,52.9957348926)) ;
#798=CARTESIAN_POINT('Control Point',(239.992070328,-38.478780508,51.3743549218)) ;
#799=CARTESIAN_POINT('Control Point',(239.977062617,-38.7383190938,49.7378002769)) ;
#800=CARTESIAN_POINT('Control Point',(239.96324537,-38.8888449232,48.0947146715)) ;
#801=CARTESIAN_POINT('Control Point',(257.57787457,-34.6732529261,55.42612111)) ;
#802=CARTESIAN_POINT('Control Point',(257.573358312,-34.9751257257,53.8304089622)) ;
#803=CARTESIAN_POINT('Control Point',(257.566741241,-35.1777144604,52.2220976707)) ;
#804=CARTESIAN_POINT('Control Point',(257.560960645,-35.2775563604,50.6094163573)) ;
#805=CARTESIAN_POINT('Control Point',(269.172183472,-32.4575359911,56.8014687168)) ;
#806=CARTESIAN_POINT('Control Point',(269.174226211,-32.7199431424,55.2229991225)) ;
#807=CARTESIAN_POINT('Control Point',(269.175221398,-32.8866310589,53.6334580627)) ;
#808=CARTESIAN_POINT('Control Point',(269.176414123,-32.9549486056,52.0409620019)) ;
#809=CARTESIAN_POINT('Control Point',(288.245191578,-29.064965724,58.7824630547)) ;
#810=CARTESIAN_POINT('Control Point',(288.249031823,-29.2705148746,57.2304420105)) ;
#811=CARTESIAN_POINT('Control Point',(288.252935334,-29.3852026243,55.669518915)) ;
#812=CARTESIAN_POINT('Control Point',(288.256586685,-29.4078550897,54.1076334794)) ;
#813=CARTESIAN_POINT('Control Point',(307.452800104,-26.0354568396,60.2166921256)) ;
#814=CARTESIAN_POINT('Control Point',(307.450987148,-26.1938094194,58.6899591611)) ;
#815=CARTESIAN_POINT('Control Point',(307.449236886,-26.2653968612,57.1561188695)) ;
#816=CARTESIAN_POINT('Control Point',(307.447575575,-26.250255822,55.6229217114)) ;
#817=CARTESIAN_POINT('Control Point',(314.965035281,-24.9024596821,60.6793438649)) ;
#818=CARTESIAN_POINT('Control Point',(314.960952563,-25.0434515231,59.1624929766)) ;
#819=CARTESIAN_POINT('Control Point',(314.95684448,-25.0992305238,57.6392079778)) ;
#820=CARTESIAN_POINT('Control Point',(314.953005849,-25.0702753831,56.1171547579)) ;
#821=CARTESIAN_POINT('Control Point',(336.327927265,-21.8217637395,61.6967554763)) ;
#822=CARTESIAN_POINT('Control Point',(336.3188453,-21.9162011841,60.2078327078)) ;
#823=CARTESIAN_POINT('Control Point',(336.309552036,-21.9297800908,58.7143396415)) ;
#824=CARTESIAN_POINT('Control Point',(336.300976101,-21.8641588895,57.2236633455)) ;
#825=CARTESIAN_POINT('Control Point',(357.84139702,-19.1310722396,61.8606838466)) ;
#826=CARTESIAN_POINT('Control Point',(357.832008478,-19.1865219768,60.3992382343)) ;
#827=CARTESIAN_POINT('Control Point',(357.82249092,-19.1654972684,58.9349560682)) ;
#828=CARTESIAN_POINT('Control Point',(357.813812819,-19.0704280584,57.4748483829)) ;
#829=CARTESIAN_POINT('Control Point',(371.829479704,-17.5593659459,61.5938739264)) ;
#830=CARTESIAN_POINT('Control Point',(371.82262843,-17.592703705,60.149763506)) ;
#831=CARTESIAN_POINT('Control Point',(371.816019492,-17.5525377429,58.7038948286)) ;
#832=CARTESIAN_POINT('Control Point',(371.810010899,-17.4415096318,57.2629954732)) ;
#833=CARTESIAN_POINT('Control Point',(385.891884925,-16.1872189581,60.9788172176)) ;
#834=CARTESIAN_POINT('Control Point',(385.887679358,-16.2022328352,59.5517834601)) ;
#835=CARTESIAN_POINT('Control Point',(385.883627694,-16.1470850182,58.123929757)) ;
#836=CARTESIAN_POINT('Control Point',(385.879980827,-16.0237024734,56.7017127849)) ;
#837=CARTESIAN_POINT('Control Point',(400.,-15.,60.)) ;
#838=CARTESIAN_POINT('Control Point',(400.,-15.,58.5896502543)) ;
#839=CARTESIAN_POINT('Control Point',(400.,-14.9336483178,57.1793023449)) ;
#840=CARTESIAN_POINT('Control Point',(400.,-14.801237852,55.7751820246)) ;
#842=CARTESIAN_POINT('Control Point',(-6.25583641584E-016,-75.95273776,15.702080211)) ;
#843=CARTESIAN_POINT('Control Point',(13.5076509034,-75.0839492916,15.2061204543)) ;
#844=CARTESIAN_POINT('Control Point',(27.0290131125,-74.0346869364,15.1350897913)) ;
#845=CARTESIAN_POINT('Control Point',(40.5058807492,-72.788029137,15.4916700661)) ;
#846=CARTESIAN_POINT('Control Point',(61.0423286129,-70.6185674503,16.7295791308)) ;
#847=CARTESIAN_POINT('Control Point',(81.4814978054,-68.0485773159,18.9581075464)) ;
#848=CARTESIAN_POINT('Control Point',(88.4692364687,-67.1206271239,19.8332789374)) ;
#849=CARTESIAN_POINT('Control Point',(109.062092043,-64.2428643226,22.7285549057)) ;
#850=CARTESIAN_POINT('Control Point',(129.412256452,-60.8991258788,26.3641205505)) ;
#851=CARTESIAN_POINT('Control Point',(142.679369433,-58.4252280812,28.9306834918)) ;
#852=CARTESIAN_POINT('Control Point',(162.919959519,-54.4674100138,33.0688577267)) ;
#853=CARTESIAN_POINT('Control Point',(183.222194123,-50.398758148,37.3231640668)) ;
#854=CARTESIAN_POINT('Control Point',(190.300052824,-48.9817833215,38.8036214879)) ;
#855=CARTESIAN_POINT('Control Point',(203.346715441,-46.3738894111,41.4843945016)) ;
#856=CARTESIAN_POINT('Control Point',(216.448466674,-43.7194470774,43.9879883008)) ;
#857=CARTESIAN_POINT('Control Point',(222.432415997,-42.4953458799,45.0771684492)) ;
#858=CARTESIAN_POINT('Control Point',(239.96324537,-38.8888449232,48.0947146715)) ;
#859=CARTESIAN_POINT('Control Point',(257.560960645,-35.2775563604,50.6094163573)) ;
#860=CARTESIAN_POINT('Control Point',(269.176414123,-32.9549486056,52.0409620019)) ;
#861=CARTESIAN_POINT('Control Point',(288.256586685,-29.4078550897,54.1076334794)) ;
#862=CARTESIAN_POINT('Control Point',(307.447575575,-26.250255822,55.6229217114)) ;
#863=CARTESIAN_POINT('Control Point',(314.953005849,-25.0702753831,56.1171547579)) ;
#864=CARTESIAN_POINT('Control Point',(336.300976101,-21.8641588895,57.2236633455)) ;
#865=CARTESIAN_POINT('Control Point',(357.813812819,-19.0704280584,57.4748483829)) ;
#866=CARTESIAN_POINT('Control Point',(371.810010899,-17.4415096318,57.2629954732)) ;
#867=CARTESIAN_POINT('Control Point',(385.879980827,-16.0237024734,56.7017127849)) ;
#868=CARTESIAN_POINT('Control Point',(400.,-14.801237852,55.7751820246)) ;
#869=CARTESIAN_POINT('Vertex',(400.,-14.801237852,55.7751820246)) ;
#873=CARTESIAN_POINT('Control Point',(400.,-15.,60.)) ;
#874=CARTESIAN_POINT('Control Point',(400.,-15.,58.5896502543)) ;
#875=CARTESIAN_POINT('Control Point',(400.,-14.9336483178,57.1793023449)) ;
#876=CARTESIAN_POINT('Control Point',(400.,-14.801237852,55.7751820246)) ;
#885=CARTESIAN_POINT('Axis2P3D Location',(400.,32.0849775522,62.5837632075)) ;
#891=CARTESIAN_POINT('Control Point',(400.,-14.801237852,55.7751820246)) ;
#892=CARTESIAN_POINT('Control Point',(400.,-14.712664072,54.8359190763)) ;
#893=CARTESIAN_POINT('Control Point',(400.,-14.5994531631,53.8989802857)) ;
#894=CARTESIAN_POINT('Control Point',(400.,-14.4616886541,52.9649515972)) ;
#895=CARTESIAN_POINT('Control Point',(400.,-14.2995759412,52.0352255755)) ;
#896=CARTESIAN_POINT('Control Point',(400.,-14.11320422,51.110387329)) ;
#897=CARTESIAN_POINT('Vertex',(400.,-14.11320422,51.110387329)) ;
#901=CARTESIAN_POINT('Control Point',(400.,-14.11320422,51.110387329)) ;
#902=CARTESIAN_POINT('Control Point',(400.,-13.9588261882,50.3443123721)) ;
#903=CARTESIAN_POINT('Control Point',(400.,-13.7878080994,49.5815910285)) ;
#904=CARTESIAN_POINT('Control Point',(400.,-13.6002315412,48.8225587363)) ;
#905=CARTESIAN_POINT('Control Point',(400.,-13.3962842215,48.0679750594)) ;
#906=CARTESIAN_POINT('Control Point',(400.,-13.176050193,47.3181748267)) ;
#907=CARTESIAN_POINT('Vertex',(400.,-13.176050193,47.3181748267)) ;
#911=CARTESIAN_POINT('Control Point',(400.,-13.176050193,47.3181748267)) ;
#912=CARTESIAN_POINT('Control Point',(400.,-13.031508488,46.8260737428)) ;
#913=CARTESIAN_POINT('Control Point',(400.,-12.8799539663,46.3360325331)) ;
#914=CARTESIAN_POINT('Control Point',(400.,-12.7214168424,45.848144925)) ;
#915=CARTESIAN_POINT('Control Point',(400.,-12.5559649319,45.3626196162)) ;
#916=CARTESIAN_POINT('Control Point',(400.,-12.3836288866,44.8795501918)) ;
#917=CARTESIAN_POINT('Vertex',(400.,-12.3836288866,44.8795501918)) ;
#921=CARTESIAN_POINT('Control Point',(400.,-12.3836288866,44.8795501918)) ;
#922=CARTESIAN_POINT('Control Point',(400.,-10.027205969,38.2743396519)) ;
#923=CARTESIAN_POINT('Control Point',(400.,-6.38422755264,32.1280580765)) ;
#924=CARTESIAN_POINT('Control Point',(400.,-1.57339621596,26.7772371253)) ;
#925=CARTESIAN_POINT('Control Point',(400.,9.87691595723,18.2281077301)) ;
#926=CARTESIAN_POINT('Control Point',(400.,23.6990236869,14.6024539141)) ;
#927=CARTESIAN_POINT('Control Point',(400.,30.8812666753,14.1757432156)) ;
#928=CARTESIAN_POINT('Control Point',(400.,45.0356377166,16.1392733353)) ;
#929=CARTESIAN_POINT('Control Point',(400.,57.4177986152,23.2726515353)) ;
#930=CARTESIAN_POINT('Control Point',(400.,62.8276946821,28.0157842642)) ;
#931=CARTESIAN_POINT('Control Point',(400.,69.7458313066,37.0454976368)) ;
#932=CARTESIAN_POINT('Control Point',(400.,73.5631193818,47.6168339928)) ;
#933=CARTESIAN_POINT('Control Point',(400.,74.5211447522,51.6954631051)) ;
#934=CARTESIAN_POINT('Control Point',(400.,75.,55.8477402112)) ;
#935=CARTESIAN_POINT('Control Point',(400.,75.,60.)) ;
#936=CARTESIAN_POINT('Vertex',(400.,75.,60.)) ;
#940=CARTESIAN_POINT('Control Point',(400.,75.,60.)) ;
#941=CARTESIAN_POINT('Control Point',(400.,75.,60.8461671509)) ;
#942=CARTESIAN_POINT('Control Point',(400.,74.9800965044,61.6923338183)) ;
#943=CARTESIAN_POINT('Control Point',(400.,74.9403067652,62.5380904517)) ;
#944=CARTESIAN_POINT('Control Point',(400.,74.8806801229,63.3823882912)) ;
#945=CARTESIAN_POINT('Control Point',(400.,74.801237852,64.2248179754)) ;
#946=CARTESIAN_POINT('Vertex',(400.,74.801237852,64.2248179754)) ;
#950=CARTESIAN_POINT('Control Point',(400.,74.801237852,64.2248179754)) ;
#951=CARTESIAN_POINT('Control Point',(400.,74.712664072,65.1640809235)) ;
#952=CARTESIAN_POINT('Control Point',(400.,74.5994531632,66.1010197138)) ;
#953=CARTESIAN_POINT('Control Point',(400.,74.461688654,67.0350484033)) ;
#954=CARTESIAN_POINT('Control Point',(400.,74.2995759411,67.9647744248)) ;
#955=CARTESIAN_POINT('Control Point',(400.,74.11320422,68.889612671)) ;
#956=CARTESIAN_POINT('Vertex',(400.,74.11320422,68.889612671)) ;
#960=CARTESIAN_POINT('Control Point',(400.,74.11320422,68.889612671)) ;
#961=CARTESIAN_POINT('Control Point',(400.,73.9588261882,69.655687628)) ;
#962=CARTESIAN_POINT('Control Point',(400.,73.7878080993,70.4184089717)) ;
#963=CARTESIAN_POINT('Control Point',(400.,73.6002315412,71.1774412634)) ;
#964=CARTESIAN_POINT('Control Point',(400.,73.3962842215,71.9320249405)) ;
#965=CARTESIAN_POINT('Control Point',(400.,73.176050193,72.6818251733)) ;
#966=CARTESIAN_POINT('Vertex',(400.,73.176050193,72.6818251733)) ;
#970=CARTESIAN_POINT('Control Point',(400.,73.176050193,72.6818251733)) ;
#971=CARTESIAN_POINT('Control Point',(400.,73.031508488,73.1739262572)) ;
#972=CARTESIAN_POINT('Control Point',(400.,72.8799539663,73.6639674669)) ;
#973=CARTESIAN_POINT('Control Point',(400.,72.7214168424,74.151855075)) ;
#974=CARTESIAN_POINT('Control Point',(400.,72.5559649319,74.6373803838)) ;
#975=CARTESIAN_POINT('Control Point',(400.,72.3836288866,75.1204498082)) ;
#992=CARTESIAN_POINT('Control Point',(-4.5502740358E-017,79.7753116515,-3.744769837)) ;
#993=CARTESIAN_POINT('Control Point',(6.18009861767E-017,79.9250337266,-2.49885243539)) ;
#994=CARTESIAN_POINT('Control Point',(1.44546458793E-015,80.,-1.24942654644)) ;
#995=CARTESIAN_POINT('Control Point',(6.09383418587E-016,80.,1.88004423875E-014)) ;
#996=CARTESIAN_POINT('Control Point',(13.7115819721,79.2210193503,-3.4264846577)) ;
#997=CARTESIAN_POINT('Control Point',(13.7211159453,79.3503375332,-2.19386805837)) ;
#998=CARTESIAN_POINT('Control Point',(13.7303394106,79.4065639201,-0.95812827048)) ;
#999=CARTESIAN_POINT('Control Point',(13.7401678679,79.3895702476,0.277317343509)) ;
#1000=CARTESIAN_POINT('Control Point',(27.3660080014,78.7522714703,-2.58230672472)) ;
#1001=CARTESIAN_POINT('Control Point',(27.380909602,78.8614689778,-1.36141072082)) ;
#1002=CARTESIAN_POINT('Control Point',(27.3953499684,78.8992911416,-0.13779480027)) ;
#1003=CARTESIAN_POINT('Control Point',(27.4108238189,78.8656551431,1.08518743409)) ;
#1004=CARTESIAN_POINT('Control Point',(40.9228768683,78.3538620122,-1.20154476224)) ;
#1005=CARTESIAN_POINT('Control Point',(40.9387474643,78.4430705354,0.00823324069311)) ;
#1006=CARTESIAN_POINT('Control Point',(40.9541272411,78.4627208075,1.22029248021)) ;
#1007=CARTESIAN_POINT('Control Point',(40.9709833075,78.4126964554,2.43134549039)) ;
#1008=CARTESIAN_POINT('Control Point',(61.4372449791,77.896193996,1.71081926363)) ;
#1009=CARTESIAN_POINT('Control Point',(61.4501657778,77.954901897,2.90474824229)) ;
#1010=CARTESIAN_POINT('Control Point',(61.4626999697,77.9468324914,4.10024187178)) ;
#1011=CARTESIAN_POINT('Control Point',(61.4768174919,77.8718931643,5.29412508545)) ;
#1012=CARTESIAN_POINT('Control Point',(81.6935721837,77.640288623,5.73844985221)) ;
#1013=CARTESIAN_POINT('Control Point',(81.699996761,77.6683547311,6.91692028894)) ;
#1014=CARTESIAN_POINT('Control Point',(81.7062433026,77.6324514537,8.09615834048)) ;
#1015=CARTESIAN_POINT('Control Point',(81.7133969436,77.532600864,9.27310733909)) ;
#1016=CARTESIAN_POINT('Control Point',(88.6036150592,77.57405571,7.24317879177)) ;
#1017=CARTESIAN_POINT('Control Point',(88.6075625061,77.5916137129,8.41629637382)) ;
#1018=CARTESIAN_POINT('Control Point',(88.6114089587,77.546170033,9.58990039584)) ;
#1019=CARTESIAN_POINT('Control Point',(88.6158465034,77.4377925826,10.7609742528)) ;
#1020=CARTESIAN_POINT('Control Point',(108.944034128,77.43424665,12.0267611827)) ;
#1021=CARTESIAN_POINT('Control Point',(108.940829864,77.4205440819,13.1836607196)) ;
#1022=CARTESIAN_POINT('Control Point',(108.937729424,77.3467224936,14.3401817148)) ;
#1023=CARTESIAN_POINT('Control Point',(108.934106496,77.2130214968,15.4934242312)) ;
#1024=CARTESIAN_POINT('Control Point',(129.131829674,77.3478977348,17.723748602)) ;
#1025=CARTESIAN_POINT('Control Point',(129.122262722,77.3026375507,18.8600450964)) ;
#1026=CARTESIAN_POINT('Control Point',(129.112832036,77.2004606957,19.9950765416)) ;
#1027=CARTESIAN_POINT('Control Point',(129.102184947,77.0416703648,21.1260610178)) ;
#1028=CARTESIAN_POINT('Control Point',(142.456555976,77.2154073626,21.8197368311)) ;
#1029=CARTESIAN_POINT('Control Point',(142.442974715,77.149805889,22.9375269033)) ;
#1030=CARTESIAN_POINT('Control Point',(142.429406384,77.0297587397,24.0535580796)) ;
#1031=CARTESIAN_POINT('Control Point',(142.415128416,76.8553559323,25.1651277094)) ;
#1032=CARTESIAN_POINT('Control Point',(162.844853101,77.0848924022,28.2677618313)) ;
#1033=CARTESIAN_POINT('Control Point',(162.830763472,76.9902752273,29.3557168003)) ;
#1034=CARTESIAN_POINT('Control Point',(162.816501246,76.8448883513,30.4412602346)) ;
#1035=CARTESIAN_POINT('Control Point',(162.80238393,76.6487455791,31.5218446453)) ;
#1036=CARTESIAN_POINT('Control Point',(183.232070609,77.1038946069,34.6654333411)) ;
#1037=CARTESIAN_POINT('Control Point',(183.224576068,76.9842022875,35.7248905552)) ;
#1038=CARTESIAN_POINT('Control Point',(183.216927886,76.8170424496,36.7813556389)) ;
#1039=CARTESIAN_POINT('Control Point',(183.209617111,76.6026061373,37.8324486632)) ;
#1040=CARTESIAN_POINT('Control Point',(190.319956554,77.1323393611,36.8621890995)) ;
#1041=CARTESIAN_POINT('Control Point',(190.315555922,77.0044535853,37.9121695513)) ;
#1042=CARTESIAN_POINT('Control Point',(190.311045977,76.8301839994,38.9589591287)) ;
#1043=CARTESIAN_POINT('Control Point',(190.306797316,76.6098126793,40.0002358355)) ;
#1044=CARTESIAN_POINT('Control Point',(203.349139536,77.2069477418,40.8246562984)) ;
#1045=CARTESIAN_POINT('Control Point',(203.35105723,77.0649069621,41.8578102213)) ;
#1046=CARTESIAN_POINT('Control Point',(203.353008912,76.8783934212,42.8874090053)) ;
#1047=CARTESIAN_POINT('Control Point',(203.354877555,76.6478609758,43.9112415239)) ;
#1048=CARTESIAN_POINT('Control Point',(216.389468656,77.243327586,44.6483892047)) ;
#1049=CARTESIAN_POINT('Control Point',(216.395721454,77.0884857051,45.6645137112)) ;
#1050=CARTESIAN_POINT('Control Point',(216.402166848,76.8910687392,46.6767290122)) ;
#1051=CARTESIAN_POINT('Control Point',(216.40815953,76.6516174746,47.6829259698)) ;
#1052=CARTESIAN_POINT('Control Point',(222.338634213,77.2413202402,46.3609196574)) ;
#1053=CARTESIAN_POINT('Control Point',(222.346016512,77.0808812657,47.3690873025)) ;
#1054=CARTESIAN_POINT('Control Point',(222.35365314,76.8787457843,48.3731872058)) ;
#1055=CARTESIAN_POINT('Control Point',(222.360706592,76.6354644878,49.3711521227)) ;
#1056=CARTESIAN_POINT('Control Point',(239.764408964,77.17912657,51.2609245181)) ;
#1057=CARTESIAN_POINT('Control Point',(239.772674889,77.0029731614,52.245382935)) ;
#1058=CARTESIAN_POINT('Control Point',(239.781317668,76.787719773,53.2253221161)) ;
#1059=CARTESIAN_POINT('Control Point',(239.7891623,76.5338823982,54.1987798304)) ;
#1060=CARTESIAN_POINT('Control Point',(257.29051191,76.9767851192,55.7679001444)) ;
#1061=CARTESIAN_POINT('Control Point',(257.29424,76.7868529043,56.7281554432)) ;
#1062=CARTESIAN_POINT('Control Point',(257.298286819,76.5604095156,57.6834807175)) ;
#1063=CARTESIAN_POINT('Control Point',(257.301789577,76.2978249372,58.6319818632)) ;
#1064=CARTESIAN_POINT('Control Point',(268.910984273,76.8038224405,58.5079250939)) ;
#1065=CARTESIAN_POINT('Control Point',(268.910749311,76.605674151,59.4527426673)) ;
#1066=CARTESIAN_POINT('Control Point',(268.910697514,76.3726453237,60.3923796917)) ;
#1067=CARTESIAN_POINT('Control Point',(268.910484024,76.1050274039,61.3249859258)) ;
#1068=CARTESIAN_POINT('Control Point',(288.119363769,76.5687608788,62.4842831915)) ;
#1069=CARTESIAN_POINT('Control Point',(288.117530697,76.3586837632,63.4061661426)) ;
#1070=CARTESIAN_POINT('Control Point',(288.115726619,76.1160262224,64.3225036681)) ;
#1071=CARTESIAN_POINT('Control Point',(288.11402061,75.8411181143,65.2315524444)) ;
#1072=CARTESIAN_POINT('Control Point',(307.527372554,76.2990872063,65.6391110574)) ;
#1073=CARTESIAN_POINT('Control Point',(307.528178243,76.0793880688,66.5405011296)) ;
#1074=CARTESIAN_POINT('Control Point',(307.528956687,75.8289916934,67.4360383715)) ;
#1075=CARTESIAN_POINT('Control Point',(307.529706096,75.5484172198,68.3241169223)) ;
#1076=CARTESIAN_POINT('Control Point',(315.118893014,76.1729448598,66.7500517227)) ;
#1077=CARTESIAN_POINT('Control Point',(315.12078264,75.9498288091,67.6436506891)) ;
#1078=CARTESIAN_POINT('Control Point',(315.12262814,75.6967150983,68.5312826907)) ;
#1079=CARTESIAN_POINT('Control Point',(315.124387422,75.4142013095,69.4113971155)) ;
#1080=CARTESIAN_POINT('Control Point',(336.676547461,75.7358143362,69.5695243306)) ;
#1081=CARTESIAN_POINT('Control Point',(336.680727261,75.5040188538,70.4416851464)) ;
#1082=CARTESIAN_POINT('Control Point',(336.684812599,75.2441414487,71.3075711299)) ;
#1083=CARTESIAN_POINT('Control Point',(336.68868336,74.956976444,72.1657806645)) ;
#1084=CARTESIAN_POINT('Control Point',(358.261185891,75.0615885212,71.4442582112)) ;
#1085=CARTESIAN_POINT('Control Point',(358.265235099,74.8240607595,72.2968952329)) ;
#1086=CARTESIAN_POINT('Control Point',(358.269142732,74.560196681,73.1429988963)) ;
#1087=CARTESIAN_POINT('Control Point',(358.272854061,74.2708645125,73.981273988)) ;
#1088=CARTESIAN_POINT('Control Point',(372.209033533,74.5140571718,72.2629702253)) ;
#1089=CARTESIAN_POINT('Control Point',(372.211626354,74.2741409014,73.1038924888)) ;
#1090=CARTESIAN_POINT('Control Point',(372.214047361,74.0089707954,73.9381383237)) ;
#1091=CARTESIAN_POINT('Control Point',(372.21639993,73.7193625459,74.7644442554)) ;
#1092=CARTESIAN_POINT('Control Point',(386.134628325,73.8901523865,72.6664111967)) ;
#1093=CARTESIAN_POINT('Control Point',(386.136164502,73.6491005229,73.4965172693)) ;
#1094=CARTESIAN_POINT('Control Point',(386.137585408,73.3837669281,74.3198368514)) ;
#1095=CARTESIAN_POINT('Control Point',(386.138974982,73.0948377514,75.1351038439)) ;
#1096=CARTESIAN_POINT('Control Point',(400.,73.176050193,72.6818251733)) ;
#1097=CARTESIAN_POINT('Control Point',(400.,72.9351435633,73.5020065429)) ;
#1098=CARTESIAN_POINT('Control Point',(400.,72.6708601451,74.3153214412)) ;
#1099=CARTESIAN_POINT('Control Point',(400.,72.3836288866,75.1204498082)) ;
#1101=CARTESIAN_POINT('Control Point',(-4.5502740358E-017,79.7753116515,-3.744769837)) ;
#1102=CARTESIAN_POINT('Control Point',(13.7115819721,79.2210193503,-3.4264846577)) ;
#1103=CARTESIAN_POINT('Control Point',(27.3660080014,78.7522714703,-2.58230672472)) ;
#1104=CARTESIAN_POINT('Control Point',(40.9228768683,78.3538620122,-1.20154476224)) ;
#1105=CARTESIAN_POINT('Control Point',(61.4372449791,77.896193996,1.71081926363)) ;
#1106=CARTESIAN_POINT('Control Point',(81.6935721837,77.640288623,5.73844985221)) ;
#1107=CARTESIAN_POINT('Control Point',(88.6036150592,77.57405571,7.24317879177)) ;
#1108=CARTESIAN_POINT('Control Point',(108.944034128,77.43424665,12.0267611827)) ;
#1109=CARTESIAN_POINT('Control Point',(129.131829674,77.3478977348,17.723748602)) ;
#1110=CARTESIAN_POINT('Control Point',(142.456555976,77.2154073626,21.8197368311)) ;
#1111=CARTESIAN_POINT('Control Point',(162.844853101,77.0848924022,28.2677618313)) ;
#1112=CARTESIAN_POINT('Control Point',(183.232070609,77.1038946069,34.6654333411)) ;
#1113=CARTESIAN_POINT('Control Point',(190.319956554,77.1323393611,36.8621890995)) ;
#1114=CARTESIAN_POINT('Control Point',(203.349139536,77.2069477418,40.8246562984)) ;
#1115=CARTESIAN_POINT('Control Point',(216.389468656,77.243327586,44.6483892047)) ;
#1116=CARTESIAN_POINT('Control Point',(222.338634213,77.2413202402,46.3609196574)) ;
#1117=CARTESIAN_POINT('Control Point',(239.764408964,77.17912657,51.2609245181)) ;
#1118=CARTESIAN_POINT('Control Point',(257.29051191,76.9767851192,55.7679001444)) ;
#1119=CARTESIAN_POINT('Control Point',(268.910984273,76.8038224405,58.5079250939)) ;
#1120=CARTESIAN_POINT('Control Point',(288.119363769,76.5687608788,62.4842831915)) ;
#1121=CARTESIAN_POINT('Control Point',(307.527372554,76.2990872063,65.6391110574)) ;
#1122=CARTESIAN_POINT('Control Point',(315.118893014,76.1729448598,66.7500517227)) ;
#1123=CARTESIAN_POINT('Control Point',(336.676547461,75.7358143362,69.5695243306)) ;
#1124=CARTESIAN_POINT('Control Point',(358.261185891,75.0615885212,71.4442582112)) ;
#1125=CARTESIAN_POINT('Control Point',(372.209033533,74.5140571718,72.2629702253)) ;
#1126=CARTESIAN_POINT('Control Point',(386.134628325,73.8901523865,72.6664111967)) ;
#1127=CARTESIAN_POINT('Control Point',(400.,73.176050193,72.6818251733)) ;
#1137=CARTESIAN_POINT('Control Point',(-6.25583641584E-016,-75.95273776,15.702080211)) ;
#1138=CARTESIAN_POINT('Control Point',(-1.26902913084E-015,-77.0554503912,13.6185076699)) ;
#1139=CARTESIAN_POINT('Control Point',(-2.61472030477E-016,-77.9383558225,11.4895048856)) ;
#1140=CARTESIAN_POINT('Control Point',(1.70232190228E-016,-78.5938197571,9.33348089521)) ;
#1141=CARTESIAN_POINT('Control Point',(13.5076509034,-75.0839492916,15.2061204543)) ;
#1142=CARTESIAN_POINT('Control Point',(13.4916292458,-76.1400026907,13.1317311746)) ;
#1143=CARTESIAN_POINT('Control Point',(13.4752598413,-76.9789395533,11.0134339855)) ;
#1144=CARTESIAN_POINT('Control Point',(13.458726784,-77.5934337668,8.86937883059)) ;
#1145=CARTESIAN_POINT('Control Point',(27.0290131125,-74.0346869364,15.1350897913)) ;
#1146=CARTESIAN_POINT('Control Point',(27.0041897691,-75.0432788506,13.0671387992)) ;
#1147=CARTESIAN_POINT('Control Point',(26.9787589916,-75.837694901,10.9568796725)) ;
#1148=CARTESIAN_POINT('Control Point',(26.9529411614,-76.4109114071,8.82222351842)) ;
#1149=CARTESIAN_POINT('Control Point',(40.5058807492,-72.788029137,15.4916700661)) ;
#1150=CARTESIAN_POINT('Control Point',(40.4804263305,-73.7475740148,13.4290189442)) ;
#1151=CARTESIAN_POINT('Control Point',(40.4541025508,-74.4963003334,11.3258348338)) ;
#1152=CARTESIAN_POINT('Control Point',(40.4269956241,-75.0274520233,9.19976147926)) ;
#1153=CARTESIAN_POINT('Control Point',(61.0423286129,-70.6185674503,16.7295791308)) ;
#1154=CARTESIAN_POINT('Control Point',(61.0227635474,-71.50200303,14.6730679909)) ;
#1155=CARTESIAN_POINT('Control Point',(61.0022252643,-72.1798180968,12.5787927724)) ;
#1156=CARTESIAN_POINT('Control Point',(60.9806380913,-72.645822735,10.4641260701)) ;
#1157=CARTESIAN_POINT('Control Point',(81.4814978054,-68.0485773159,18.9581075464)) ;
#1158=CARTESIAN_POINT('Control Point',(81.4722243678,-68.853668279,16.9067814396)) ;
#1159=CARTESIAN_POINT('Control Point',(81.4623611197,-69.4584569459,14.8206616248)) ;
#1160=CARTESIAN_POINT('Control Point',(81.4518204817,-69.8575899798,12.7170111901)) ;
#1161=CARTESIAN_POINT('Control Point',(88.4692364687,-67.1206271239,19.8332789374)) ;
#1162=CARTESIAN_POINT('Control Point',(88.4637262078,-67.898596247,17.7838102351)) ;
#1163=CARTESIAN_POINT('Control Point',(88.4578085381,-68.4781133235,15.7005932496)) ;
#1164=CARTESIAN_POINT('Control Point',(88.4514140909,-68.854137063,13.6008658926)) ;
#1165=CARTESIAN_POINT('Control Point',(109.062092043,-64.2428643226,22.7285549057)) ;
#1166=CARTESIAN_POINT('Control Point',(109.066569148,-64.9395242621,20.6849605634)) ;
#1167=CARTESIAN_POINT('Control Point',(109.071372363,-65.4432393589,18.6108354655)) ;
#1168=CARTESIAN_POINT('Control Point',(109.076558093,-65.750032395,16.5233865554)) ;
#1169=CARTESIAN_POINT('Control Point',(129.412256452,-60.8991258788,26.3641205505)) ;
#1170=CARTESIAN_POINT('Control Point',(129.425607404,-61.5084110508,24.3341731239)) ;
#1171=CARTESIAN_POINT('Control Point',(129.439964424,-61.9315934066,22.277433782)) ;
#1172=CARTESIAN_POINT('Control Point',(129.455493929,-62.1657711497,20.2108430124)) ;
#1173=CARTESIAN_POINT('Control Point',(142.679369433,-58.4252280812,28.9306834918)) ;
#1174=CARTESIAN_POINT('Control Point',(142.701162051,-58.9723262821,26.9199058339)) ;
#1175=CARTESIAN_POINT('Control Point',(142.723733291,-59.3396377476,24.8850540096)) ;
#1176=CARTESIAN_POINT('Control Point',(142.747138845,-59.5244883524,22.8424458745)) ;
#1177=CARTESIAN_POINT('Control Point',(162.919959519,-54.4674100138,33.0688577267)) ;
#1178=CARTESIAN_POINT('Control Point',(162.944858803,-54.9218890447,31.0925784229)) ;
#1179=CARTESIAN_POINT('Control Point',(162.970073002,-55.2065410366,29.0960394633)) ;
#1180=CARTESIAN_POINT('Control Point',(162.995485249,-55.319096583,27.0946607365)) ;
#1181=CARTESIAN_POINT('Control Point',(183.222194123,-50.398758148,37.3231640668)) ;
#1182=CARTESIAN_POINT('Control Point',(183.236074372,-50.7697302668,35.3821276282)) ;
#1183=CARTESIAN_POINT('Control Point',(183.249992374,-50.9801730699,33.424216072)) ;
#1184=CARTESIAN_POINT('Control Point',(183.263828542,-51.028394463,31.4641483767)) ;
#1185=CARTESIAN_POINT('Control Point',(190.300052824,-48.9817833215,38.8036214879)) ;
#1186=CARTESIAN_POINT('Control Point',(190.308344962,-49.3252165768,36.8744182173)) ;
#1187=CARTESIAN_POINT('Control Point',(190.316628702,-49.5111816809,34.9294609424)) ;
#1188=CARTESIAN_POINT('Control Point',(190.324823619,-49.5382218836,32.9832645235)) ;
#1189=CARTESIAN_POINT('Control Point',(203.346715441,-46.3738894111,41.4843945016)) ;
#1190=CARTESIAN_POINT('Control Point',(203.343132121,-46.6690663752,39.5764980277)) ;
#1191=CARTESIAN_POINT('Control Point',(203.339549925,-46.8122117232,37.6548619005)) ;
#1192=CARTESIAN_POINT('Control Point',(203.335995411,-46.8023094663,35.733652027)) ;
#1193=CARTESIAN_POINT('Control Point',(216.448466674,-43.7194470774,43.9879883008)) ;
#1194=CARTESIAN_POINT('Control Point',(216.436618537,-43.9686396631,42.1030490464)) ;
#1195=CARTESIAN_POINT('Control Point',(216.424784128,-44.0714168964,40.2064012226)) ;
#1196=CARTESIAN_POINT('Control Point',(216.413102198,-44.027115992,38.3118133457)) ;
#1197=CARTESIAN_POINT('Control Point',(222.432415997,-42.4953458799,45.0771684492)) ;
#1198=CARTESIAN_POINT('Control Point',(222.418443162,-42.7237962393,43.2033271827)) ;
#1199=CARTESIAN_POINT('Control Point',(222.404468567,-42.8084912476,41.3187190408)) ;
#1200=CARTESIAN_POINT('Control Point',(222.390678682,-42.7488989138,39.4369103549)) ;
#1201=CARTESIAN_POINT('Control Point',(239.96324537,-38.8888449232,48.0947146715)) ;
#1202=CARTESIAN_POINT('Control Point',(239.947774536,-39.0573185416,46.2549084251)) ;
#1203=CARTESIAN_POINT('Control Point',(239.932210296,-39.09006463,44.4071136973)) ;
#1204=CARTESIAN_POINT('Control Point',(239.916843067,-38.9868647841,42.5642575088)) ;
#1205=CARTESIAN_POINT('Control Point',(257.560960645,-35.2775563604,50.6094163573)) ;
#1206=CARTESIAN_POINT('Control Point',(257.554511635,-35.38911038,48.8066682431)) ;
#1207=CARTESIAN_POINT('Control Point',(257.54781674,-35.3733436739,46.9986775285)) ;
#1208=CARTESIAN_POINT('Control Point',(257.541137119,-35.2302226415,45.1976495788)) ;
#1209=CARTESIAN_POINT('Control Point',(269.176414123,-32.9549486056,52.0409620019)) ;
#1210=CARTESIAN_POINT('Control Point',(269.177748789,-33.0312067492,50.2624702483)) ;
#1211=CARTESIAN_POINT('Control Point',(269.178783722,-32.985554921,48.4804457403)) ;
#1212=CARTESIAN_POINT('Control Point',(269.179659883,-32.8180954311,46.7066348301)) ;
#1213=CARTESIAN_POINT('Control Point',(288.256586685,-29.4078550897,54.1076334794)) ;
#1214=CARTESIAN_POINT('Control Point',(288.260657414,-29.433092193,52.3655700728)) ;
#1215=CARTESIAN_POINT('Control Point',(288.264552988,-29.3440741892,50.6223625856)) ;
#1216=CARTESIAN_POINT('Control Point',(288.268285385,-29.1412481427,48.8891411612)) ;
#1217=CARTESIAN_POINT('Control Point',(307.447575575,-26.250255822,55.6229217114)) ;
#1218=CARTESIAN_POINT('Control Point',(307.445722756,-26.2333750712,53.9143117655)) ;
#1219=CARTESIAN_POINT('Control Point',(307.443968975,-26.1085910482,52.2064790109)) ;
#1220=CARTESIAN_POINT('Control Point',(307.442297882,-25.8767523597,50.51005911)) ;
#1221=CARTESIAN_POINT('Control Point',(314.953005849,-25.0702753831,56.1171547579)) ;
#1222=CARTESIAN_POINT('Control Point',(314.94872856,-25.0380113178,54.4214294595)) ;
#1223=CARTESIAN_POINT('Control Point',(314.944656592,-24.9002227729,52.7271910954)) ;
#1224=CARTESIAN_POINT('Control Point',(314.940764404,-24.6579076326,51.044887091)) ;
#1225=CARTESIAN_POINT('Control Point',(336.300976101,-21.8641588895,57.2236633455)) ;
#1226=CARTESIAN_POINT('Control Point',(336.291425904,-21.7910810945,55.5638756036)) ;
#1227=CARTESIAN_POINT('Control Point',(336.28236337,-21.6190538976,53.9075059001)) ;
#1228=CARTESIAN_POINT('Control Point',(336.273726724,-21.3494482533,52.2644723106)) ;
#1229=CARTESIAN_POINT('Control Point',(357.813812819,-19.0704280584,57.4748483829)) ;
#1230=CARTESIAN_POINT('Control Point',(357.804151268,-18.9645796225,55.8491422232)) ;
#1231=CARTESIAN_POINT('Control Point',(357.795121478,-18.765925714,54.2285601863)) ;
#1232=CARTESIAN_POINT('Control Point',(357.786601745,-18.4760304281,52.6225067232)) ;
#1233=CARTESIAN_POINT('Control Point',(371.810010899,-17.4415096318,57.2629954732)) ;
#1234=CARTESIAN_POINT('Control Point',(371.803318596,-17.3178726054,55.6583180258)) ;
#1235=CARTESIAN_POINT('Control Point',(371.797234824,-17.1052867148,54.0597853947)) ;
#1236=CARTESIAN_POINT('Control Point',(371.791586482,-16.8053329815,52.4764785533)) ;
#1237=CARTESIAN_POINT('Control Point',(385.879980827,-16.0237024734,56.7017127849)) ;
#1238=CARTESIAN_POINT('Control Point',(385.875914742,-15.8862408026,55.1171112376)) ;
#1239=CARTESIAN_POINT('Control Point',(385.872257481,-15.6633448034,53.5395133835)) ;
#1240=CARTESIAN_POINT('Control Point',(385.868878632,-15.35650177,51.9777161527)) ;
#1241=CARTESIAN_POINT('Control Point',(400.,-14.801237852,55.7751820246)) ;
#1242=CARTESIAN_POINT('Control Point',(400.,-14.6536063679,54.2096534567)) ;
#1243=CARTESIAN_POINT('Control Point',(400.,-14.423841677,52.6518733401)) ;
#1244=CARTESIAN_POINT('Control Point',(400.,-14.11320422,51.110387329)) ;
#1246=CARTESIAN_POINT('Control Point',(1.70232190228E-016,-78.5938197571,9.33348089521)) ;
#1247=CARTESIAN_POINT('Control Point',(13.458726784,-77.5934337668,8.86937883059)) ;
#1248=CARTESIAN_POINT('Control Point',(26.9529411614,-76.4109114071,8.82222351842)) ;
#1249=CARTESIAN_POINT('Control Point',(40.4269956241,-75.0274520233,9.19976147926)) ;
#1250=CARTESIAN_POINT('Control Point',(60.9806380913,-72.645822735,10.4641260701)) ;
#1251=CARTESIAN_POINT('Control Point',(81.4518204817,-69.8575899798,12.7170111901)) ;
#1252=CARTESIAN_POINT('Control Point',(88.4514140909,-68.854137063,13.6008658926)) ;
#1253=CARTESIAN_POINT('Control Point',(109.076558093,-65.750032395,16.5233865554)) ;
#1254=CARTESIAN_POINT('Control Point',(129.455493929,-62.1657711497,20.2108430124)) ;
#1255=CARTESIAN_POINT('Control Point',(142.747138845,-59.5244883524,22.8424458745)) ;
#1256=CARTESIAN_POINT('Control Point',(162.995485249,-55.319096583,27.0946607365)) ;
#1257=CARTESIAN_POINT('Control Point',(183.263828542,-51.028394463,31.4641483767)) ;
#1258=CARTESIAN_POINT('Control Point',(190.324823619,-49.5382218836,32.9832645235)) ;
#1259=CARTESIAN_POINT('Control Point',(203.335995411,-46.8023094663,35.733652027)) ;
#1260=CARTESIAN_POINT('Control Point',(216.413102198,-44.027115992,38.3118133457)) ;
#1261=CARTESIAN_POINT('Control Point',(222.390678682,-42.7488989138,39.4369103549)) ;
#1262=CARTESIAN_POINT('Control Point',(239.916843067,-38.9868647841,42.5642575088)) ;
#1263=CARTESIAN_POINT('Control Point',(257.541137119,-35.2302226415,45.1976495788)) ;
#1264=CARTESIAN_POINT('Control Point',(269.179659883,-32.8180954311,46.7066348301)) ;
#1265=CARTESIAN_POINT('Control Point',(288.268285385,-29.1412481427,48.8891411612)) ;
#1266=CARTESIAN_POINT('Control Point',(307.442297882,-25.8767523597,50.51005911)) ;
#1267=CARTESIAN_POINT('Control Point',(314.940764404,-24.6579076326,51.044887091)) ;
#1268=CARTESIAN_POINT('Control Point',(336.273726724,-21.3494482533,52.2644723106)) ;
#1269=CARTESIAN_POINT('Control Point',(357.786601745,-18.4760304281,52.6225067232)) ;
#1270=CARTESIAN_POINT('Control Point',(371.791586482,-16.8053329815,52.4764785533)) ;
#1271=CARTESIAN_POINT('Control Point',(385.868878632,-15.35650177,51.9777161527)) ;
#1272=CARTESIAN_POINT('Control Point',(400.,-14.11320422,51.110387329)) ;
#1282=CARTESIAN_POINT('Control Point',(1.70232190228E-016,-78.5938197571,9.33348089521)) ;
#1283=CARTESIAN_POINT('Control Point',(5.40164278945E-016,-79.1553491293,7.48643678809)) ;
#1284=CARTESIAN_POINT('Control Point',(-2.43290690898E-015,-79.5500151321,5.61958183066)) ;
#1285=CARTESIAN_POINT('Control Point',(-7.01323711446E-016,-79.7753114727,3.74477132515)) ;
#1286=CARTESIAN_POINT('Control Point',(13.458726784,-77.5934337668,8.86937883059)) ;
#1287=CARTESIAN_POINT('Control Point',(13.4445630798,-78.1184359002,7.03728836642)) ;
#1288=CARTESIAN_POINT('Control Point',(13.4303491548,-78.4796079887,5.1864424548)) ;
#1289=CARTESIAN_POINT('Control Point',(13.4159951305,-78.6745988017,3.32844807022)) ;
#1290=CARTESIAN_POINT('Control Point',(26.9529411614,-76.4109114071,8.82222351842)) ;
#1291=CARTESIAN_POINT('Control Point',(26.9309133894,-76.89936538,7.00275529481)) ;
#1292=CARTESIAN_POINT('Control Point',(26.9087067855,-77.2271756183,5.16563779159)) ;
#1293=CARTESIAN_POINT('Control Point',(26.8862094703,-77.3921407785,3.3222575626)) ;
#1294=CARTESIAN_POINT('Control Point',(40.4269956241,-75.0274520233,9.19976147926)) ;
#1295=CARTESIAN_POINT('Control Point',(40.4039564041,-75.4789415655,7.3920529802)) ;
#1296=CARTESIAN_POINT('Control Point',(40.3804694191,-75.7732309023,5.56789833957)) ;
#1297=CARTESIAN_POINT('Control Point',(40.3564218143,-75.9082300398,3.73845439639)) ;
#1298=CARTESIAN_POINT('Control Point',(60.9806380913,-72.645822735,10.4641260701)) ;
#1299=CARTESIAN_POINT('Control Point',(60.9623702374,-73.040462269,8.67271873464)) ;
#1300=CARTESIAN_POINT('Control Point',(60.9434489239,-73.2832227133,6.86678031111)) ;
#1301=CARTESIAN_POINT('Control Point',(60.9237974387,-73.3723026722,5.05717471155)) ;
#1302=CARTESIAN_POINT('Control Point',(81.4518204817,-69.8575899798,12.7170111901)) ;
#1303=CARTESIAN_POINT('Control Point',(81.4429291653,-70.1944703344,10.9412837785)) ;
#1304=CARTESIAN_POINT('Control Point',(81.4336009414,-70.3849101172,9.15312393276)) ;
#1305=CARTESIAN_POINT('Control Point',(81.4238113185,-70.4275759527,7.36314939754)) ;
#1306=CARTESIAN_POINT('Control Point',(88.4514140909,-68.854137063,13.6008658926)) ;
#1307=CARTESIAN_POINT('Control Point',(88.4460290596,-69.1711253669,11.8305997138)) ;
#1308=CARTESIAN_POINT('Control Point',(88.4403316742,-69.3435556466,10.0486413137)) ;
#1309=CARTESIAN_POINT('Control Point',(88.4343170959,-69.3702729114,8.265526974)) ;
#1310=CARTESIAN_POINT('Control Point',(109.076558093,-65.750032395,16.5233865554)) ;
#1311=CARTESIAN_POINT('Control Point',(109.080936992,-66.0076260491,14.7697771877)) ;
#1312=CARTESIAN_POINT('Control Point',(109.085559202,-66.1262969732,13.0067646588)) ;
#1313=CARTESIAN_POINT('Control Point',(109.090445423,-66.1054784261,11.2446398025)) ;
#1314=CARTESIAN_POINT('Control Point',(129.455493929,-62.1657711497,20.2108430124)) ;
#1315=CARTESIAN_POINT('Control Point',(129.468513713,-62.3616736515,18.4808330606)) ;
#1316=CARTESIAN_POINT('Control Point',(129.482337735,-62.4251558667,16.7439084959)) ;
#1317=CARTESIAN_POINT('Control Point',(129.496894957,-62.3561268953,15.0099834775)) ;
#1318=CARTESIAN_POINT('Control Point',(142.747138845,-59.5244883524,22.8424458745)) ;
#1319=CARTESIAN_POINT('Control Point',(142.766696789,-59.678765084,21.1363101698)) ;
#1320=CARTESIAN_POINT('Control Point',(142.786895298,-59.7058783823,19.4248097279)) ;
#1321=CARTESIAN_POINT('Control Point',(142.807585902,-59.6057161994,17.7174652558)) ;
#1322=CARTESIAN_POINT('Control Point',(162.995485249,-55.319096583,27.0946607365)) ;
#1323=CARTESIAN_POINT('Control Point',(163.016631161,-55.4127080748,25.4283479312)) ;
#1324=CARTESIAN_POINT('Control Point',(163.0380675,-55.3872186333,23.7587549186)) ;
#1325=CARTESIAN_POINT('Control Point',(163.05956636,-55.2425577512,22.0948382119)) ;
#1326=CARTESIAN_POINT('Control Point',(183.263828542,-51.028394463,31.4641483767)) ;
#1327=CARTESIAN_POINT('Control Point',(183.275311892,-51.0684093841,29.8366334213)) ;
#1328=CARTESIAN_POINT('Control Point',(183.286851559,-50.9967043396,28.2076748391)) ;
#1329=CARTESIAN_POINT('Control Point',(183.298299191,-50.8134833142,26.5857466013)) ;
#1330=CARTESIAN_POINT('Control Point',(190.324823619,-49.5382218836,32.9832645235)) ;
#1331=CARTESIAN_POINT('Control Point',(190.331615595,-49.5606344556,31.3686733445)) ;
#1332=CARTESIAN_POINT('Control Point',(190.33842151,-49.4737537747,29.7532566703)) ;
#1333=CARTESIAN_POINT('Control Point',(190.345147534,-49.2779212272,28.1453351431)) ;
#1334=CARTESIAN_POINT('Control Point',(203.335995411,-46.8023094663,35.733652027)) ;
#1335=CARTESIAN_POINT('Control Point',(203.333044474,-46.7940832804,34.1420823304)) ;
#1336=CARTESIAN_POINT('Control Point',(203.330086313,-46.6808455224,32.55080529)) ;
#1337=CARTESIAN_POINT('Control Point',(203.327155743,-46.4632178034,30.9678691598)) ;
#1338=CARTESIAN_POINT('Control Point',(216.413102198,-44.027115992,38.3118133457)) ;
#1339=CARTESIAN_POINT('Control Point',(216.403433141,-43.9904467787,36.7439999936)) ;
#1340=CARTESIAN_POINT('Control Point',(216.393744617,-43.8530514758,35.1775832731)) ;
#1341=CARTESIAN_POINT('Control Point',(216.384187162,-43.6157620094,33.620329345)) ;
#1342=CARTESIAN_POINT('Control Point',(222.390678682,-42.7488989138,39.4369103549)) ;
#1343=CARTESIAN_POINT('Control Point',(222.379271648,-42.6995985444,37.8803228766)) ;
#1344=CARTESIAN_POINT('Control Point',(222.367831473,-42.5515658983,36.3256354157)) ;
#1345=CARTESIAN_POINT('Control Point',(222.356550519,-42.3056995455,34.7804806013)) ;
#1346=CARTESIAN_POINT('Control Point',(239.916843067,-38.9868647841,42.5642575088)) ;
#1347=CARTESIAN_POINT('Control Point',(239.904144711,-38.9015656649,41.0414500651)) ;
#1348=CARTESIAN_POINT('Control Point',(239.891356246,-38.723464743,39.5220048681)) ;
#1349=CARTESIAN_POINT('Control Point',(239.878745512,-38.4535754632,38.013156273)) ;
#1350=CARTESIAN_POINT('Control Point',(257.541137119,-35.2302226415,45.1976495788)) ;
#1351=CARTESIAN_POINT('Control Point',(257.535623688,-35.112005671,43.7101115074)) ;
#1352=CARTESIAN_POINT('Control Point',(257.529943426,-34.9070077057,42.2273274771)) ;
#1353=CARTESIAN_POINT('Control Point',(257.524308194,-34.6161845057,40.7561301722)) ;
#1354=CARTESIAN_POINT('Control Point',(269.179659883,-32.8180954311,46.7066348301)) ;
#1355=CARTESIAN_POINT('Control Point',(269.18038366,-32.6798012601,45.2418004344)) ;
#1356=CARTESIAN_POINT('Control Point',(269.180906249,-32.4585681226,43.7825731702)) ;
#1357=CARTESIAN_POINT('Control Point',(269.181345117,-32.1552909143,42.3355379543)) ;
#1358=CARTESIAN_POINT('Control Point',(288.268285385,-29.1412481427,48.8891411612)) ;
#1359=CARTESIAN_POINT('Control Point',(288.271366975,-28.9737830774,47.4581053913)) ;
#1360=CARTESIAN_POINT('Control Point',(288.274327675,-28.7288269274,46.033878354)) ;
#1361=CARTESIAN_POINT('Control Point',(288.277189563,-28.4073482473,44.6226835682)) ;
#1362=CARTESIAN_POINT('Control Point',(307.442297882,-25.8767523597,50.51005911)) ;
#1363=CARTESIAN_POINT('Control Point',(307.440918133,-25.6853398094,49.1094471069)) ;
#1364=CARTESIAN_POINT('Control Point',(307.439606277,-25.4209411579,47.716617259)) ;
#1365=CARTESIAN_POINT('Control Point',(307.438343793,-25.0847312813,46.3374750383)) ;
#1366=CARTESIAN_POINT('Control Point',(314.940764404,-24.6579076326,51.044887091)) ;
#1367=CARTESIAN_POINT('Control Point',(314.937551007,-24.45784084,49.6558908847)) ;
#1368=CARTESIAN_POINT('Control Point',(314.934478582,-24.1864680584,48.2750354873)) ;
#1369=CARTESIAN_POINT('Control Point',(314.931511309,-23.8450424703,46.9081056022)) ;
#1370=CARTESIAN_POINT('Control Point',(336.273726724,-21.3494482533,52.2644723106)) ;
#1371=CARTESIAN_POINT('Control Point',(336.266594819,-21.126802475,50.9075876124)) ;
#1372=CARTESIAN_POINT('Control Point',(336.259798346,-20.8374651653,49.5598131837)) ;
#1373=CARTESIAN_POINT('Control Point',(336.253244621,-20.4828712627,48.2266037641)) ;
#1374=CARTESIAN_POINT('Control Point',(357.786601745,-18.4760304281,52.6225067232)) ;
#1375=CARTESIAN_POINT('Control Point',(357.779561289,-18.2364754687,51.2952856374)) ;
#1376=CARTESIAN_POINT('Control Point',(357.772950491,-17.9344478022,49.9780107192)) ;
#1377=CARTESIAN_POINT('Control Point',(357.766616781,-17.5714243757,48.6758489839)) ;
#1378=CARTESIAN_POINT('Control Point',(371.791586482,-16.8053329815,52.4764785533)) ;
#1379=CARTESIAN_POINT('Control Point',(371.786914464,-16.5573119644,51.1672382507)) ;
#1380=CARTESIAN_POINT('Control Point',(371.78264455,-16.2494184056,49.8684322032)) ;
#1381=CARTESIAN_POINT('Control Point',(371.778598981,-15.883072054,48.5850664385)) ;
#1382=CARTESIAN_POINT('Control Point',(385.868878632,-15.35650177,51.9777161527)) ;
#1383=CARTESIAN_POINT('Control Point',(385.866079873,-15.1025837066,50.6852699018)) ;
#1384=CARTESIAN_POINT('Control Point',(385.863548587,-14.7910990466,49.4036616135)) ;
#1385=CARTESIAN_POINT('Control Point',(385.861154415,-14.4233778393,48.1377626946)) ;
#1386=CARTESIAN_POINT('Control Point',(400.,-14.11320422,51.110387329)) ;
#1387=CARTESIAN_POINT('Control Point',(400.,-13.8558978988,49.833548088)) ;
#1388=CARTESIAN_POINT('Control Point',(400.,-13.5431206046,48.5678885151)) ;
#1389=CARTESIAN_POINT('Control Point',(400.,-13.176050193,47.3181748267)) ;
#1391=CARTESIAN_POINT('Control Point',(-7.01323711446E-016,-79.7753114727,3.74477132515)) ;
#1392=CARTESIAN_POINT('Control Point',(13.4159951305,-78.6745988017,3.32844807022)) ;
#1393=CARTESIAN_POINT('Control Point',(26.8862094703,-77.3921407785,3.3222575626)) ;
#1394=CARTESIAN_POINT('Control Point',(40.3564218143,-75.9082300398,3.73845439639)) ;
#1395=CARTESIAN_POINT('Control Point',(60.9237974387,-73.3723026722,5.05717471155)) ;
#1396=CARTESIAN_POINT('Control Point',(81.4238113185,-70.4275759527,7.36314939754)) ;
#1397=CARTESIAN_POINT('Control Point',(88.4343170959,-69.3702729114,8.265526974)) ;
#1398=CARTESIAN_POINT('Control Point',(109.090445423,-66.1054784261,11.2446398025)) ;
#1399=CARTESIAN_POINT('Control Point',(129.496894957,-62.3561268953,15.0099834775)) ;
#1400=CARTESIAN_POINT('Control Point',(142.807585902,-59.6057161994,17.7174652558)) ;
#1401=CARTESIAN_POINT('Control Point',(163.05956636,-55.2425577512,22.0948382119)) ;
#1402=CARTESIAN_POINT('Control Point',(183.298299191,-50.8134833142,26.5857466013)) ;
#1403=CARTESIAN_POINT('Control Point',(190.345147534,-49.2779212272,28.1453351431)) ;
#1404=CARTESIAN_POINT('Control Point',(203.327155743,-46.4632178034,30.9678691598)) ;
#1405=CARTESIAN_POINT('Control Point',(216.384187162,-43.6157620094,33.620329345)) ;
#1406=CARTESIAN_POINT('Control Point',(222.356550519,-42.3056995455,34.7804806013)) ;
#1407=CARTESIAN_POINT('Control Point',(239.878745512,-38.4535754632,38.013156273)) ;
#1408=CARTESIAN_POINT('Control Point',(257.524308194,-34.6161845057,40.7561301722)) ;
#1409=CARTESIAN_POINT('Control Point',(269.181345117,-32.1552909143,42.3355379543)) ;
#1410=CARTESIAN_POINT('Control Point',(288.277189563,-28.4073482473,44.6226835682)) ;
#1411=CARTESIAN_POINT('Control Point',(307.438343793,-25.0847312813,46.3374750383)) ;
#1412=CARTESIAN_POINT('Control Point',(314.931511309,-23.8450424703,46.9081056022)) ;
#1413=CARTESIAN_POINT('Control Point',(336.253244621,-20.4828712627,48.2266037641)) ;
#1414=CARTESIAN_POINT('Control Point',(357.766616781,-17.5714243757,48.6758489839)) ;
#1415=CARTESIAN_POINT('Control Point',(371.778598981,-15.883072054,48.5850664385)) ;
#1416=CARTESIAN_POINT('Control Point',(385.861154415,-14.4233778393,48.1377626946)) ;
#1417=CARTESIAN_POINT('Control Point',(400.,-13.176050193,47.3181748267)) ;
#1427=CARTESIAN_POINT('Control Point',(-7.01323711446E-016,-79.7753114727,3.74477132515)) ;
#1428=CARTESIAN_POINT('Control Point',(4.49455400683E-016,-79.9250336669,2.49885343029)) ;
#1429=CARTESIAN_POINT('Control Point',(-8.87143107948E-016,-80.,1.24942704389)) ;
#1430=CARTESIAN_POINT('Control Point',(-6.90033116687E-016,-80.,-1.67551114557E-014)) ;
#1431=CARTESIAN_POINT('Control Point',(13.4159951305,-78.6745988017,3.32844807022)) ;
#1432=CARTESIAN_POINT('Control Point',(13.4064560673,-78.8039255941,2.09583292633)) ;
#1433=CARTESIAN_POINT('Control Point',(13.3976788088,-78.860143217,0.860093626514)) ;
#1434=CARTESIAN_POINT('Control Point',(13.3873909874,-78.8431680884,-0.375351951612)) ;
#1435=CARTESIAN_POINT('Control Point',(26.8862094703,-77.3921407785,3.3222575626)) ;
#1436=CARTESIAN_POINT('Control Point',(26.8712994501,-77.5013525494,2.10136382708)) ;
#1437=CARTESIAN_POINT('Control Point',(26.8575199423,-77.5391718211,0.87774000678)) ;
#1438=CARTESIAN_POINT('Control Point',(26.8413634243,-77.5055552914,-0.345233597447)) ;
#1439=CARTESIAN_POINT('Control Point',(40.3564218143,-75.9082300398,3.73845439639)) ;
#1440=CARTESIAN_POINT('Control Point',(40.3405226798,-75.9974584771,2.52867877057)) ;
#1441=CARTESIAN_POINT('Control Point',(40.325860997,-76.0171650803,1.31660808212)) ;
#1442=CARTESIAN_POINT('Control Point',(40.3082252858,-75.9671089969,0.105566291827)) ;
#1443=CARTESIAN_POINT('Control Point',(60.9237974387,-73.3723026722,5.05717471155)) ;
#1444=CARTESIAN_POINT('Control Point',(60.9108398024,-73.4310323106,3.86324549878)) ;
#1445=CARTESIAN_POINT('Control Point',(60.8988886554,-73.4230595643,2.66773780152)) ;
#1446=CARTESIAN_POINT('Control Point',(60.8841105483,-73.3480516815,1.4738632571)) ;
#1447=CARTESIAN_POINT('Control Point',(81.4238113185,-70.4275759527,7.36314939754)) ;
#1448=CARTESIAN_POINT('Control Point',(81.4173686726,-70.4556546219,6.18467815756)) ;
#1449=CARTESIAN_POINT('Control Point',(81.4114027315,-70.4198119217,5.005432179)) ;
#1450=CARTESIAN_POINT('Control Point',(81.4039297116,-70.3199168894,3.82848667169)) ;
#1451=CARTESIAN_POINT('Control Point',(88.4343170959,-69.3702729114,8.265526974)) ;
#1452=CARTESIAN_POINT('Control Point',(88.4303626843,-69.387839093,7.09240910946)) ;
#1453=CARTESIAN_POINT('Control Point',(88.4266868646,-69.3424360691,5.91880027626)) ;
#1454=CARTESIAN_POINT('Control Point',(88.4220627855,-69.234028096,4.74772874931)) ;
#1455=CARTESIAN_POINT('Control Point',(109.090445423,-66.1054784261,11.2446398025)) ;
#1456=CARTESIAN_POINT('Control Point',(109.093662786,-66.0917682133,10.087740959)) ;
#1457=CARTESIAN_POINT('Control Point',(109.096598245,-66.0179019822,8.93122565295)) ;
#1458=CARTESIAN_POINT('Control Point',(109.100412542,-65.8842350453,7.77798026663)) ;
#1459=CARTESIAN_POINT('Control Point',(129.496894957,-62.3561268953,15.0099834775)) ;
#1460=CARTESIAN_POINT('Control Point',(129.506442114,-62.3108519524,13.8736805951)) ;
#1461=CARTESIAN_POINT('Control Point',(129.515591893,-62.2086346597,12.7386471052)) ;
#1462=CARTESIAN_POINT('Control Point',(129.52649211,-62.0498704717,11.6076571756)) ;
#1463=CARTESIAN_POINT('Control Point',(142.807585902,-59.6057161994,17.7174652558)) ;
#1464=CARTESIAN_POINT('Control Point',(142.821133563,-59.5401127926,16.5996626612)) ;
#1465=CARTESIAN_POINT('Control Point',(142.834701675,-59.4202099077,15.4836020228)) ;
#1466=CARTESIAN_POINT('Control Point',(142.848945207,-59.2456708513,14.372043828)) ;
#1467=CARTESIAN_POINT('Control Point',(163.05956636,-55.2425577512,22.0948382119)) ;
#1468=CARTESIAN_POINT('Control Point',(163.073620536,-55.147949383,21.0068681071)) ;
#1469=CARTESIAN_POINT('Control Point',(163.088240027,-55.0028076292,19.9212736108)) ;
#1470=CARTESIAN_POINT('Control Point',(163.101975354,-54.806441972,18.8407172398)) ;
#1471=CARTESIAN_POINT('Control Point',(183.298299191,-50.8134833142,26.5857466013)) ;
#1472=CARTESIAN_POINT('Control Point',(183.305775628,-50.6937959272,25.5262805581)) ;
#1473=CARTESIAN_POINT('Control Point',(183.313724565,-50.5267750337,24.4697821778)) ;
#1474=CARTESIAN_POINT('Control Point',(183.320725844,-50.3122104261,23.4187085689)) ;
#1475=CARTESIAN_POINT('Control Point',(190.345147534,-49.2779212272,28.1453351431)) ;
#1476=CARTESIAN_POINT('Control Point',(190.349538161,-49.1500370255,27.0953490412)) ;
#1477=CARTESIAN_POINT('Control Point',(190.354256531,-48.975843972,26.048538055)) ;
#1478=CARTESIAN_POINT('Control Point',(190.358293131,-48.7553996359,25.0072736435)) ;
#1479=CARTESIAN_POINT('Control Point',(203.327155743,-46.4632178034,30.9678691598)) ;
#1480=CARTESIAN_POINT('Control Point',(203.325241785,-46.3211727064,29.9347171276)) ;
#1481=CARTESIAN_POINT('Control Point',(203.323218965,-46.1346155753,28.9051274483)) ;
#1482=CARTESIAN_POINT('Control Point',(203.321421534,-45.9041185478,27.8812886886)) ;
#1483=CARTESIAN_POINT('Control Point',(216.384187162,-43.6157620094,33.620329345)) ;
#1484=CARTESIAN_POINT('Control Point',(216.377950611,-43.4609285891,32.6042150303)) ;
#1485=CARTESIAN_POINT('Control Point',(216.371156091,-43.2634325857,31.5920310339)) ;
#1486=CARTESIAN_POINT('Control Point',(216.36552255,-43.0240750379,30.5858199248)) ;
#1487=CARTESIAN_POINT('Control Point',(222.356550519,-42.3056995455,34.7804806013)) ;
#1488=CARTESIAN_POINT('Control Point',(222.349190158,-42.1452809849,33.7723266717)) ;
#1489=CARTESIAN_POINT('Control Point',(222.341106088,-41.9430797071,32.76826302)) ;
#1490=CARTESIAN_POINT('Control Point',(222.334518334,-41.6999004789,31.7702853265)) ;
#1491=CARTESIAN_POINT('Control Point',(239.878745512,-38.4535754632,38.013156273)) ;
#1492=CARTESIAN_POINT('Control Point',(239.870517638,-38.2774891376,37.0287200774)) ;
#1493=CARTESIAN_POINT('Control Point',(239.861261321,-38.0622693002,36.0488145356)) ;
#1494=CARTESIAN_POINT('Control Point',(239.854081638,-37.8085192818,35.0753623222)) ;
#1495=CARTESIAN_POINT('Control Point',(257.524308194,-34.6161845057,40.7561301722)) ;
#1496=CARTESIAN_POINT('Control Point',(257.52062915,-34.4263735164,39.7958983882)) ;
#1497=CARTESIAN_POINT('Control Point',(257.516142594,-34.2001485164,38.8405689288)) ;
#1498=CARTESIAN_POINT('Control Point',(257.513174782,-33.9375653802,37.892114205)) ;
#1499=CARTESIAN_POINT('Control Point',(269.181345117,-32.1552909143,42.3355379543)) ;
#1500=CARTESIAN_POINT('Control Point',(269.181630946,-31.9572802615,41.3907399755)) ;
#1501=CARTESIAN_POINT('Control Point',(269.181505589,-31.7245483083,40.451072383)) ;
#1502=CARTESIAN_POINT('Control Point',(269.182011208,-31.4568841317,39.5185316671)) ;
#1503=CARTESIAN_POINT('Control Point',(288.277189563,-28.4073482473,44.6226835682)) ;
#1504=CARTESIAN_POINT('Control Point',(288.279059562,-28.1973442858,43.7008071148)) ;
#1505=CARTESIAN_POINT('Control Point',(288.280905765,-27.9548669901,42.7844406087)) ;
#1506=CARTESIAN_POINT('Control Point',(288.282657178,-27.6799136348,41.8754316607)) ;
#1507=CARTESIAN_POINT('Control Point',(307.438343793,-25.0847312813,46.3374750383)) ;
#1508=CARTESIAN_POINT('Control Point',(307.437519024,-24.8649892821,45.4360804158)) ;
#1509=CARTESIAN_POINT('Control Point',(307.436737851,-24.614491247,44.5405578217)) ;
#1510=CARTESIAN_POINT('Control Point',(307.435946082,-24.333939705,43.6524567854)) ;
#1511=CARTESIAN_POINT('Control Point',(314.931511309,-23.8450424703,46.9081056022)) ;
#1512=CARTESIAN_POINT('Control Point',(314.929571847,-23.6218434519,46.014499801)) ;
#1513=CARTESIAN_POINT('Control Point',(314.92768791,-23.3685247478,45.1269018962)) ;
#1514=CARTESIAN_POINT('Control Point',(314.925852355,-23.086061983,44.2467423139)) ;
#1515=CARTESIAN_POINT('Control Point',(336.253244621,-20.4828712627,48.2266037641)) ;
#1516=CARTESIAN_POINT('Control Point',(336.248958133,-20.2509065919,47.3544333066)) ;
#1517=CARTESIAN_POINT('Control Point',(336.244787198,-19.9905921386,46.4886308612)) ;
#1518=CARTESIAN_POINT('Control Point',(336.240757283,-19.7035487636,45.6303247046)) ;
#1519=CARTESIAN_POINT('Control Point',(357.766616781,-17.5714243757,48.6758489839)) ;
#1520=CARTESIAN_POINT('Control Point',(357.762469318,-17.3337267428,47.8232061635)) ;
#1521=CARTESIAN_POINT('Control Point',(357.758549637,-17.0693974312,46.9772035475)) ;
#1522=CARTESIAN_POINT('Control Point',(357.754624543,-16.780213559,46.1388234389)) ;
#1523=CARTESIAN_POINT('Control Point',(371.778598981,-15.883072054,48.5850664385)) ;
#1524=CARTESIAN_POINT('Control Point',(371.775947024,-15.643028417,47.7441390605)) ;
#1525=CARTESIAN_POINT('Control Point',(371.773625702,-15.3774913682,46.9099765596)) ;
#1526=CARTESIAN_POINT('Control Point',(371.771035097,-15.0880138772,46.0835837081)) ;
#1527=CARTESIAN_POINT('Control Point',(385.861154415,-14.4233778393,48.1377626946)) ;
#1528=CARTESIAN_POINT('Control Point',(385.859583131,-14.1822484124,47.3076546424)) ;
#1529=CARTESIAN_POINT('Control Point',(385.858242899,-13.9166870725,46.4843894301)) ;
#1530=CARTESIAN_POINT('Control Point',(385.856691213,-13.6278415644,45.6690683333)) ;
#1531=CARTESIAN_POINT('Control Point',(400.,-13.176050193,47.3181748267)) ;
#1532=CARTESIAN_POINT('Control Point',(400.,-12.9351435633,46.4979934571)) ;
#1533=CARTESIAN_POINT('Control Point',(400.,-12.6708601451,45.6846785588)) ;
#1534=CARTESIAN_POINT('Control Point',(400.,-12.3836288866,44.8795501918)) ;
#1536=CARTESIAN_POINT('Control Point',(-6.90033116687E-016,-80.,-3.17882214886E-014)) ;
#1537=CARTESIAN_POINT('Control Point',(13.3873909874,-78.8431680884,-0.375351951612)) ;
#1538=CARTESIAN_POINT('Control Point',(26.8413634243,-77.5055552914,-0.345233597447)) ;
#1539=CARTESIAN_POINT('Control Point',(40.3082252858,-75.9671089969,0.105566291827)) ;
#1540=CARTESIAN_POINT('Control Point',(60.8841105483,-73.3480516815,1.4738632571)) ;
#1541=CARTESIAN_POINT('Control Point',(81.4039297116,-70.3199168894,3.82848667169)) ;
#1542=CARTESIAN_POINT('Control Point',(88.4220627855,-69.234028096,4.74772874931)) ;
#1543=CARTESIAN_POINT('Control Point',(109.100412542,-65.8842350453,7.77798026663)) ;
#1544=CARTESIAN_POINT('Control Point',(129.52649211,-62.0498704717,11.6076571756)) ;
#1545=CARTESIAN_POINT('Control Point',(142.848945207,-59.2456708513,14.372043828)) ;
#1546=CARTESIAN_POINT('Control Point',(163.101975354,-54.806441972,18.8407172398)) ;
#1547=CARTESIAN_POINT('Control Point',(183.320725844,-50.3122104261,23.4187085689)) ;
#1548=CARTESIAN_POINT('Control Point',(190.358293131,-48.7553996359,25.0072736435)) ;
#1549=CARTESIAN_POINT('Control Point',(203.321421534,-45.9041185478,27.8812886886)) ;
#1550=CARTESIAN_POINT('Control Point',(216.36552255,-43.0240750379,30.5858199248)) ;
#1551=CARTESIAN_POINT('Control Point',(222.334518334,-41.6999004789,31.7702853265)) ;
#1552=CARTESIAN_POINT('Control Point',(239.854081638,-37.8085192818,35.0753623222)) ;
#1553=CARTESIAN_POINT('Control Point',(257.513174782,-33.9375653802,37.892114205)) ;
#1554=CARTESIAN_POINT('Control Point',(269.182011208,-31.4568841317,39.5185316671)) ;
#1555=CARTESIAN_POINT('Control Point',(288.282657178,-27.6799136348,41.8754316607)) ;
#1556=CARTESIAN_POINT('Control Point',(307.435946082,-24.333939705,43.6524567854)) ;
#1557=CARTESIAN_POINT('Control Point',(314.925852355,-23.086061983,44.2467423139)) ;
#1558=CARTESIAN_POINT('Control Point',(336.240757283,-19.7035487636,45.6303247046)) ;
#1559=CARTESIAN_POINT('Control Point',(357.754624543,-16.780213559,46.1388234389)) ;
#1560=CARTESIAN_POINT('Control Point',(371.771035097,-15.0880138772,46.0835837081)) ;
#1561=CARTESIAN_POINT('Control Point',(385.856691213,-13.6278415644,45.6690683333)) ;
#1562=CARTESIAN_POINT('Control Point',(400.,-12.3836288866,44.8795501918)) ;
#1572=CARTESIAN_POINT('Control Point',(-6.90033116687E-016,-80.,-1.67551114557E-014)) ;
#1573=CARTESIAN_POINT('Control Point',(3.77873984893E-016,-80.,-6.7739744141)) ;
#1574=CARTESIAN_POINT('Control Point',(1.35076731055E-015,-78.1647628061,-13.547993318)) ;
#1575=CARTESIAN_POINT('Control Point',(2.63398104872E-015,-74.4927518074,-20.0627938196)) ;
#1576=CARTESIAN_POINT('Control Point',(2.1924773134E-015,-63.7665531876,-32.0572774813)) ;
#1577=CARTESIAN_POINT('Control Point',(3.12756257975E-015,-47.3202391677,-41.1760948659)) ;
#1578=CARTESIAN_POINT('Control Point',(3.12432053693E-015,-37.9257180944,-44.8140697086)) ;
#1579=CARTESIAN_POINT('Control Point',(5.31927878043E-015,-17.5393951737,-49.9584814477)) ;
#1580=CARTESIAN_POINT('Control Point',(6.65360809088E-015,4.42028179263,-50.6214171652)) ;
#1581=CARTESIAN_POINT('Control Point',(7.5075632933E-015,15.3888155822,-49.7760398568)) ;
#1582=CARTESIAN_POINT('Control Point',(5.88112742277E-015,36.4329298347,-45.7986748846)) ;
#1583=CARTESIAN_POINT('Control Point',(4.19677455478E-015,54.2088642564,-37.7129852122)) ;
#1584=CARTESIAN_POINT('Control Point',(3.34654170733E-015,61.9078202171,-32.7576036929)) ;
#1585=CARTESIAN_POINT('Control Point',(1.55746085239E-015,68.112400314,-27.0861685661)) ;
#1586=CARTESIAN_POINT('Control Point',(5.60033594966E-016,72.6503185233,-20.9345260804)) ;
#1587=CARTESIAN_POINT('Control Point',(13.3873909874,-78.8431680884,-0.375351951612)) ;
#1588=CARTESIAN_POINT('Control Point',(13.3316138702,-78.751134633,-7.114127274)) ;
#1589=CARTESIAN_POINT('Control Point',(13.2750181751,-76.8424655834,-13.845926361)) ;
#1590=CARTESIAN_POINT('Control Point',(13.2206462747,-73.119029045,-20.3127428196)) ;
#1591=CARTESIAN_POINT('Control Point',(13.1193475522,-62.3375125271,-32.2037951869)) ;
#1592=CARTESIAN_POINT('Control Point',(13.0472864357,-45.9327903599,-41.2114258588)) ;
#1593=CARTESIAN_POINT('Control Point',(13.0196049482,-36.5830770993,-44.7942387308)) ;
#1594=CARTESIAN_POINT('Control Point',(12.9841959783,-16.3305645978,-49.8339064371)) ;
#1595=CARTESIAN_POINT('Control Point',(12.9984697227,5.4189000719,-50.4097385304)) ;
#1596=CARTESIAN_POINT('Control Point',(13.0249287595,16.2674042017,-49.5272573439)) ;
#1597=CARTESIAN_POINT('Control Point',(13.155635093,37.0434166946,-45.4826618527)) ;
#1598=CARTESIAN_POINT('Control Point',(13.3834208101,54.4901349591,-37.3333908824)) ;
#1599=CARTESIAN_POINT('Control Point',(13.4708305329,62.0146408308,-32.3527311716)) ;
#1600=CARTESIAN_POINT('Control Point',(13.5310164807,68.054569138,-26.6727944187)) ;
#1601=CARTESIAN_POINT('Control Point',(13.5789646929,72.4450678474,-20.529131773)) ;
#1602=CARTESIAN_POINT('Control Point',(26.8413634243,-77.5055552914,-0.345233597447)) ;
#1603=CARTESIAN_POINT('Control Point',(26.7529323701,-77.3219186101,-7.05981485186)) ;
#1604=CARTESIAN_POINT('Control Point',(26.6630898213,-75.3413292401,-13.7590179192)) ;
#1605=CARTESIAN_POINT('Control Point',(26.5767115652,-71.5690885651,-20.185568539)) ;
#1606=CARTESIAN_POINT('Control Point',(26.4155428533,-60.7398607409,-31.9840548111)) ;
#1607=CARTESIAN_POINT('Control Point',(26.300861606,-44.3881246267,-40.8813821498)) ;
#1608=CARTESIAN_POINT('Control Point',(26.2567585992,-35.0899184984,-44.4067442615)) ;
#1609=CARTESIAN_POINT('Control Point',(26.2002842206,-14.9864416957,-49.3315471519)) ;
#1610=CARTESIAN_POINT('Control Point',(26.2233581409,6.5352128131,-49.7998927031)) ;
#1611=CARTESIAN_POINT('Control Point',(26.2662229297,17.2542948825,-48.8673044092)) ;
#1612=CARTESIAN_POINT('Control Point',(26.4793037224,37.7460674326,-44.7250874522)) ;
#1613=CARTESIAN_POINT('Control Point',(26.849617098,54.861420186,-36.4838488185)) ;
#1614=CARTESIAN_POINT('Control Point',(26.9900409927,62.2131200817,-31.4666457697)) ;
#1615=CARTESIAN_POINT('Control Point',(27.0850383473,68.0883908631,-25.7670825985)) ;
#1616=CARTESIAN_POINT('Control Point',(27.1596473494,72.3295702854,-19.6197972193)) ;
#1617=CARTESIAN_POINT('Control Point',(40.3082252858,-75.9671089969,0.105566291827)) ;
#1618=CARTESIAN_POINT('Control Point',(40.2106445915,-75.6913452581,-6.59125716461)) ;
#1619=CARTESIAN_POINT('Control Point',(40.1101090214,-73.639591031,-13.2629202588)) ;
#1620=CARTESIAN_POINT('Control Point',(40.0122688269,-69.8206376626,-19.6525811634)) ;
#1621=CARTESIAN_POINT('Control Point',(39.8264271551,-58.9505714504,-31.3615852344)) ;
#1622=CARTESIAN_POINT('Control Point',(39.6899391476,-42.6633674783,-40.1442568782)) ;
#1623=CARTESIAN_POINT('Control Point',(39.6355564769,-33.4235233078,-43.6081703468)) ;
#1624=CARTESIAN_POINT('Control Point',(39.5612049138,-13.4845551698,-48.4068442324)) ;
#1625=CARTESIAN_POINT('Control Point',(39.5792881791,7.79136322519,-48.7508133992)) ;
#1626=CARTESIAN_POINT('Control Point',(39.6284530418,18.3715820455,-47.7582844063)) ;
#1627=CARTESIAN_POINT('Control Point',(39.9002144713,38.5597597252,-43.4938806934)) ;
#1628=CARTESIAN_POINT('Control Point',(40.3665240745,55.327288965,-35.1335981226)) ;
#1629=CARTESIAN_POINT('Control Point',(40.5299841706,62.5009476529,-30.0699731823)) ;
#1630=CARTESIAN_POINT('Control Point',(40.6323256282,68.2069934323,-24.3419981046)) ;
#1631=CARTESIAN_POINT('Control Point',(40.7086833384,72.2939318099,-18.1825000157)) ;
#1632=CARTESIAN_POINT('Control Point',(60.8841105483,-73.3480516815,1.4738632571)) ;
#1633=CARTESIAN_POINT('Control Point',(60.8011781867,-72.9296595478,-5.20404164355)) ;
#1634=CARTESIAN_POINT('Control Point',(60.7142717935,-70.7687386914,-11.8400258917)) ;
#1635=CARTESIAN_POINT('Control Point',(60.6284949869,-66.8795810831,-18.1774583551)) ;
#1636=CARTESIAN_POINT('Control Point',(60.4623979451,-55.9531828502,-29.752512901)) ;
#1637=CARTESIAN_POINT('Control Point',(60.3364245236,-39.777133033,-38.3521800652)) ;
#1638=CARTESIAN_POINT('Control Point',(60.2845754617,-30.6346622521,-41.7152235158)) ;
#1639=CARTESIAN_POINT('Control Point',(60.2097581619,-10.9674386488,-46.3009962146)) ;
#1640=CARTESIAN_POINT('Control Point',(60.2181112591,9.90637972832,-46.4247216374)) ;
#1641=CARTESIAN_POINT('Control Point',(60.2614770813,20.2591177255,-45.3232832014)) ;
#1642=CARTESIAN_POINT('Control Point',(60.5255997882,39.9565455261,-40.844264127)) ;
#1643=CARTESIAN_POINT('Control Point',(60.9776798637,56.1936875053,-32.2999747293)) ;
#1644=CARTESIAN_POINT('Control Point',(61.126239583,63.1006196271,-27.1646246389)) ;
#1645=CARTESIAN_POINT('Control Point',(61.2110025027,68.5496279834,-21.3870693338)) ;
#1646=CARTESIAN_POINT('Control Point',(61.2694166981,72.3984119652,-15.1989857294)) ;
#1647=CARTESIAN_POINT('Control Point',(81.4039297116,-70.3199168894,3.82848667169)) ;
#1648=CARTESIAN_POINT('Control Point',(81.3615238161,-69.7546437539,-2.8352764588)) ;
#1649=CARTESIAN_POINT('Control Point',(81.3166255728,-67.482520977,-9.43760572087)) ;
#1650=CARTESIAN_POINT('Control Point',(81.2719529266,-63.5236838643,-15.7218051495)) ;
#1651=CARTESIAN_POINT('Control Point',(81.1845838891,-52.547870791,-27.1536155613)) ;
#1652=CARTESIAN_POINT('Control Point',(81.1172955088,-36.5007529431,-35.5492479119)) ;
#1653=CARTESIAN_POINT('Control Point',(81.0892187447,-27.4676637598,-38.79742656)) ;
#1654=CARTESIAN_POINT('Control Point',(81.0478452209,-8.10268063851,-43.1357686407)) ;
#1655=CARTESIAN_POINT('Control Point',(81.0502532193,12.3275650118,-42.9972967051)) ;
#1656=CARTESIAN_POINT('Control Point',(81.0726597135,22.4282763562,-41.7662019974)) ;
#1657=CARTESIAN_POINT('Control Point',(81.2153005036,41.586588637,-37.0553975477)) ;
#1658=CARTESIAN_POINT('Control Point',(81.462272568,57.2806865017,-28.3595622696)) ;
#1659=CARTESIAN_POINT('Control Point',(81.5420529426,63.923984904,-23.1622878187)) ;
#1660=CARTESIAN_POINT('Control Point',(81.5850104771,69.1153252078,-17.3326333774)) ;
#1661=CARTESIAN_POINT('Control Point',(81.6126300326,72.72016229,-11.1062556826)) ;
#1662=CARTESIAN_POINT('Control Point',(88.4220627855,-69.234028096,4.74772874931)) ;
#1663=CARTESIAN_POINT('Control Point',(88.3956624273,-68.6179311321,-1.91124992691)) ;
#1664=CARTESIAN_POINT('Control Point',(88.3675974815,-66.3074749442,-8.50180103876)) ;
#1665=CARTESIAN_POINT('Control Point',(88.3396057459,-62.3248392745,-14.7671943008)) ;
#1666=CARTESIAN_POINT('Control Point',(88.284762486,-51.3329402755,-26.1480245116)) ;
#1667=CARTESIAN_POINT('Control Point',(88.2425056268,-35.3321688577,-34.4707296748)) ;
#1668=CARTESIAN_POINT('Control Point',(88.2249030856,-26.3380186396,-37.6776995009)) ;
#1669=CARTESIAN_POINT('Control Point',(88.1990901148,-7.08030628431,-41.9269305038)) ;
#1670=CARTESIAN_POINT('Control Point',(88.20083938,13.1928533987,-41.6937856529)) ;
#1671=CARTESIAN_POINT('Control Point',(88.214880359,23.2041622485,-40.4160516264)) ;
#1672=CARTESIAN_POINT('Control Point',(88.303492191,42.1716750238,-35.6251995258)) ;
#1673=CARTESIAN_POINT('Control Point',(88.460001417,57.6777931529,-26.8831324691)) ;
#1674=CARTESIAN_POINT('Control Point',(88.5114807327,64.2307367551,-21.6661259775)) ;
#1675=CARTESIAN_POINT('Control Point',(88.5384527728,69.3333675338,-15.8186102523)) ;
#1676=CARTESIAN_POINT('Control Point',(88.5548731725,72.8537564626,-9.57839445489)) ;
#1677=CARTESIAN_POINT('Control Point',(109.100412542,-65.8842350453,7.77798026663)) ;
#1678=CARTESIAN_POINT('Control Point',(109.121967149,-65.1156107275,1.13436075874)) ;
#1679=CARTESIAN_POINT('Control Point',(109.145012715,-62.6903895235,-5.41928045115)) ;
#1680=CARTESIAN_POINT('Control Point',(109.168112096,-58.636938095,-11.6261984928)) ;
#1681=CARTESIAN_POINT('Control Point',(109.213726976,-47.5987515891,-22.848830151)) ;
#1682=CARTESIAN_POINT('Control Point',(109.249316897,-31.74040099,-30.9466735659)) ;
#1683=CARTESIAN_POINT('Control Point',(109.264340583,-22.8651613094,-34.0267369546)) ;
#1684=CARTESIAN_POINT('Control Point',(109.286774867,-3.93426012293,-38.0019667364)) ;
#1685=CARTESIAN_POINT('Control Point',(109.285760117,15.8612297102,-37.4795310587)) ;
#1686=CARTESIAN_POINT('Control Point',(109.273406238,25.6004183301,-36.0603596145)) ;
#1687=CARTESIAN_POINT('Control Point',(109.1942428,43.9855141358,-31.0329894165)) ;
#1688=CARTESIAN_POINT('Control Point',(109.059881629,58.9217507095,-22.1701545197)) ;
#1689=CARTESIAN_POINT('Control Point',(109.01806849,65.2058226502,-16.9024532156)) ;
#1690=CARTESIAN_POINT('Control Point',(108.996617613,70.0449251507,-11.0046240393)) ;
#1691=CARTESIAN_POINT('Control Point',(108.98345737,73.3126958733,-4.72223627896)) ;
#1692=CARTESIAN_POINT('Control Point',(129.52649211,-62.0498704717,11.6076571756)) ;
#1693=CARTESIAN_POINT('Control Point',(129.589825757,-61.1229009289,4.99214947995)) ;
#1694=CARTESIAN_POINT('Control Point',(129.656485732,-58.5809713519,-1.51024909693)) ;
#1695=CARTESIAN_POINT('Control Point',(129.722399289,-54.4589331704,-7.64328490619)) ;
#1696=CARTESIAN_POINT('Control Point',(129.84975826,-43.3871435522,-18.6760754452)) ;
#1697=CARTESIAN_POINT('Control Point',(129.945688089,-27.6996030505,-26.5184183962)) ;
#1698=CARTESIAN_POINT('Control Point',(129.984668471,-18.9609588021,-29.4573933724)) ;
#1699=CARTESIAN_POINT('Control Point',(130.039850665,-0.397952215427,-33.1342430737)) ;
#1700=CARTESIAN_POINT('Control Point',(130.033667582,18.8695867894,-32.3073530373)) ;
#1701=CARTESIAN_POINT('Control Point',(130.004452915,28.3098177717,-30.7416668259)) ;
#1702=CARTESIAN_POINT('Control Point',(129.825819358,46.0522625744,-25.4639964849)) ;
#1703=CARTESIAN_POINT('Control Point',(129.483369134,60.3429211812,-16.4676056488)) ;
#1704=CARTESIAN_POINT('Control Point',(129.358970794,66.3242886747,-11.1510405038)) ;
#1705=CARTESIAN_POINT('Control Point',(129.291452174,70.87241175,-5.20738528524)) ;
#1706=CARTESIAN_POINT('Control Point',(129.250761938,73.8643133002,1.11125562512)) ;
#1707=CARTESIAN_POINT('Control Point',(142.848945207,-59.2456708513,14.372043828)) ;
#1708=CARTESIAN_POINT('Control Point',(142.933209009,-58.2140485818,7.78881981727)) ;
#1709=CARTESIAN_POINT('Control Point',(143.018824189,-55.5978055535,1.33357929865)) ;
#1710=CARTESIAN_POINT('Control Point',(143.101402822,-51.4360371446,-4.73805583697)) ;
#1711=CARTESIAN_POINT('Control Point',(143.256289254,-40.3579284806,-15.6235607721)) ;
#1712=CARTESIAN_POINT('Control Point',(143.369543094,-24.8083362191,-23.2803077581)) ;
#1713=CARTESIAN_POINT('Control Point',(143.414661393,-16.1741255806,-26.1198169335)) ;
#1714=CARTESIAN_POINT('Control Point',(143.478733649,2.11533886682,-29.5917118048)) ;
#1715=CARTESIAN_POINT('Control Point',(143.478834855,21.0004944507,-28.5622390744)) ;
#1716=CARTESIAN_POINT('Control Point',(143.455604045,30.2268974619,-26.8990323437)) ;
#1717=CARTESIAN_POINT('Control Point',(143.288238217,47.5143205587,-21.4397415604)) ;
#1718=CARTESIAN_POINT('Control Point',(142.940703086,61.3276953886,-12.3019887071)) ;
#1719=CARTESIAN_POINT('Control Point',(142.80259867,67.0703884223,-6.93056948975)) ;
#1720=CARTESIAN_POINT('Control Point',(142.711177611,71.3923638063,-0.95347982768)) ;
#1721=CARTESIAN_POINT('Control Point',(142.642455072,74.1793489996,5.37667158781)) ;
#1722=CARTESIAN_POINT('Control Point',(163.101975354,-54.806441972,18.8407172398)) ;
#1723=CARTESIAN_POINT('Control Point',(163.185332808,-53.6220533001,12.3127535852)) ;
#1724=CARTESIAN_POINT('Control Point',(163.267383457,-50.9006186849,5.93397128838)) ;
#1725=CARTESIAN_POINT('Control Point',(163.344749574,-46.6872991853,-0.0410197432192)) ;
#1726=CARTESIAN_POINT('Control Point',(163.485873154,-35.6184071951,-10.6995608784)) ;
#1727=CARTESIAN_POINT('Control Point',(163.586702746,-20.2979639562,-18.0765775926)) ;
#1728=CARTESIAN_POINT('Control Point',(163.626390018,-11.8317320832,-20.7676921532)) ;
#1729=CARTESIAN_POINT('Control Point',(163.684176104,6.02594934644,-23.9366832718)) ;
#1730=CARTESIAN_POINT('Control Point',(163.695391051,24.321010161,-22.6119154468)) ;
#1731=CARTESIAN_POINT('Control Point',(163.688496392,33.221588796,-20.8069513108)) ;
#1732=CARTESIAN_POINT('Control Point',(163.587438356,49.8190818935,-15.0751985329)) ;
#1733=CARTESIAN_POINT('Control Point',(163.33728717,62.8980203257,-5.70412163258)) ;
#1734=CARTESIAN_POINT('Control Point',(163.224720469,68.2684941032,-0.242738069917)) ;
#1735=CARTESIAN_POINT('Control Point',(163.13273676,72.2394637516,5.78267104004)) ;
#1736=CARTESIAN_POINT('Control Point',(163.051710751,74.7125043747,12.12165801)) ;
#1737=CARTESIAN_POINT('Control Point',(183.320725844,-50.3122104261,23.4187085689)) ;
#1738=CARTESIAN_POINT('Control Point',(183.363995873,-48.9914185275,16.9461360312)) ;
#1739=CARTESIAN_POINT('Control Point',(183.405868517,-46.1809802474,10.6427485149)) ;
#1740=CARTESIAN_POINT('Control Point',(183.444886257,-41.9314394824,4.76210742902)) ;
#1741=CARTESIAN_POINT('Control Point',(183.515013208,-30.899522914,-5.67610441782)) ;
#1742=CARTESIAN_POINT('Control Point',(183.564788223,-15.8275398133,-12.7844032055)) ;
#1743=CARTESIAN_POINT('Control Point',(183.584394715,-7.53626518815,-15.3335266473)) ;
#1744=CARTESIAN_POINT('Control Point',(183.613883457,9.8824106514,-18.2142039435)) ;
#1745=CARTESIAN_POINT('Control Point',(183.624549866,27.5961247604,-16.612968411)) ;
#1746=CARTESIAN_POINT('Control Point',(183.626733619,36.1809911983,-14.6776739722)) ;
#1747=CARTESIAN_POINT('Control Point',(183.59479811,52.114563312,-8.70016536946)) ;
#1748=CARTESIAN_POINT('Control Point',(183.491821204,64.4887099911,0.873557099571)) ;
#1749=CARTESIAN_POINT('Control Point',(183.440251968,69.5065425679,6.41113806976)) ;
#1750=CARTESIAN_POINT('Control Point',(183.391958765,73.1478531367,12.4763247159)) ;
#1751=CARTESIAN_POINT('Control Point',(183.346021243,75.3280709114,18.8200218509)) ;
#1752=CARTESIAN_POINT('Control Point',(190.358293131,-48.7553996359,25.0072736435)) ;
#1753=CARTESIAN_POINT('Control Point',(190.383509351,-47.3894843874,18.5532952625)) ;
#1754=CARTESIAN_POINT('Control Point',(190.407781556,-44.5502433538,12.2753873289)) ;
#1755=CARTESIAN_POINT('Control Point',(190.430330988,-40.2900073378,6.42674999247)) ;
#1756=CARTESIAN_POINT('Control Point',(190.470713448,-29.274143315,-3.93643783796)) ;
#1757=CARTESIAN_POINT('Control Point',(190.499504155,-14.2902000166,-10.9530715844)) ;
#1758=CARTESIAN_POINT('Control Point',(190.510933305,-6.06015657638,-13.4536870775)) ;
#1759=CARTESIAN_POINT('Control Point',(190.528594172,11.2060533026,-16.2358041523)) ;
#1760=CARTESIAN_POINT('Control Point',(190.536895159,28.7200240122,-14.5403769698)) ;
#1761=CARTESIAN_POINT('Control Point',(190.540301466,37.1969828066,-12.5610137393)) ;
#1762=CARTESIAN_POINT('Control Point',(190.528004273,52.9039322131,-6.50213449661)) ;
#1763=CARTESIAN_POINT('Control Point',(190.473186163,65.0391989125,3.13434617982)) ;
#1764=CARTESIAN_POINT('Control Point',(190.444057826,69.93914048,8.69493012316)) ;
#1765=CARTESIAN_POINT('Control Point',(190.415480351,73.470644593,14.7724533461)) ;
#1766=CARTESIAN_POINT('Control Point',(190.387759763,75.5532315144,21.1178881435)) ;
#1767=CARTESIAN_POINT('Control Point',(203.321421534,-45.9041185478,27.8812886886)) ;
#1768=CARTESIAN_POINT('Control Point',(203.310369404,-44.4593016811,21.4608337324)) ;
#1769=CARTESIAN_POINT('Control Point',(203.299749533,-41.5709914331,15.2291003403)) ;
#1770=CARTESIAN_POINT('Control Point',(203.2899343,-37.294663586,9.43862159711)) ;
#1771=CARTESIAN_POINT('Control Point',(203.272478267,-26.3146458959,-0.787821933842)) ;
#1772=CARTESIAN_POINT('Control Point',(203.26045394,-11.4966822562,-7.63717562868)) ;
#1773=CARTESIAN_POINT('Control Point',(203.255847936,-3.38067560674,-10.0491620886)) ;
#1774=CARTESIAN_POINT('Control Point',(203.24921689,13.6036174694,-12.6511164106)) ;
#1775=CARTESIAN_POINT('Control Point',(203.247511658,30.7519002816,-10.7842355888)) ;
#1776=CARTESIAN_POINT('Control Point',(203.247489496,39.0323358715,-8.72554900148)) ;
#1777=CARTESIAN_POINT('Control Point',(203.256361037,54.329034865,-2.52433235017)) ;
#1778=CARTESIAN_POINT('Control Point',(203.282386705,66.035686998,7.21649766855)) ;
#1779=CARTESIAN_POINT('Control Point',(203.295480791,70.7259742536,12.815263548)) ;
#1780=CARTESIAN_POINT('Control Point',(203.307912032,74.0627230631,18.9138876313)) ;
#1781=CARTESIAN_POINT('Control Point',(203.319806336,75.9721994492,25.2627098691)) ;
#1782=CARTESIAN_POINT('Control Point',(216.36552255,-43.0240750379,30.5858199248)) ;
#1783=CARTESIAN_POINT('Control Point',(216.32985707,-41.5053384185,24.2000667274)) ;
#1784=CARTESIAN_POINT('Control Point',(216.295451519,-38.5736007242,18.0163381027)) ;
#1785=CARTESIAN_POINT('Control Point',(216.263326361,-34.287362933,12.2864761333)) ;
#1786=CARTESIAN_POINT('Control Point',(216.20541247,-23.3563383366,2.20289309539)) ;
#1787=CARTESIAN_POINT('Control Point',(216.162895175,-8.71818026021,-4.4714033609)) ;
#1788=CARTESIAN_POINT('Control Point',(216.145535982,-0.723166836863,-6.79051696038)) ;
#1789=CARTESIAN_POINT('Control Point',(216.117351609,15.9654825826,-9.20341534813)) ;
#1790=CARTESIAN_POINT('Control Point',(216.100250102,32.7354809692,-7.15642993481)) ;
#1791=CARTESIAN_POINT('Control Point',(216.091462489,40.8133716797,-5.01452311664)) ;
#1792=CARTESIAN_POINT('Control Point',(216.099655375,55.6907759913,1.33315025484)) ;
#1793=CARTESIAN_POINT('Control Point',(216.171962944,66.9686496906,11.1758296454)) ;
#1794=CARTESIAN_POINT('Control Point',(216.212254439,71.4511112708,16.8116187319)) ;
#1795=CARTESIAN_POINT('Control Point',(216.252840659,74.5956460845,22.9306519834)) ;
#1796=CARTESIAN_POINT('Control Point',(216.29264338,76.3350031996,29.2821466086)) ;
#1797=CARTESIAN_POINT('Control Point',(222.334518334,-41.6999004789,31.7702853265)) ;
#1798=CARTESIAN_POINT('Control Point',(222.292498661,-40.148163426,25.400842747)) ;
#1799=CARTESIAN_POINT('Control Point',(222.251811182,-37.1975818541,19.2397256571)) ;
#1800=CARTESIAN_POINT('Control Point',(222.213613555,-32.9080310918,13.53845513)) ;
#1801=CARTESIAN_POINT('Control Point',(222.144275805,-22.0022004955,3.52231719656)) ;
#1802=CARTESIAN_POINT('Control Point',(222.092187682,-7.44961813644,-3.06921992689)) ;
#1803=CARTESIAN_POINT('Control Point',(222.070495891,0.488278228722,-5.34439570056)) ;
#1804=CARTESIAN_POINT('Control Point',(222.034248248,17.0379801137,-7.66774851705)) ;
#1805=CARTESIAN_POINT('Control Point',(222.009832106,33.6309692309,-5.53514162565)) ;
#1806=CARTESIAN_POINT('Control Point',(221.996735745,41.6140417269,-3.35344046623)) ;
#1807=CARTESIAN_POINT('Control Point',(222.000810409,56.2955458796,3.06439651651)) ;
#1808=CARTESIAN_POINT('Control Point',(222.083065403,67.3753541539,12.9550769548)) ;
#1809=CARTESIAN_POINT('Control Point',(222.129819601,71.7621466371,18.6081393703)) ;
#1810=CARTESIAN_POINT('Control Point',(222.177412788,74.8183673816,24.7365446948)) ;
#1811=CARTESIAN_POINT('Control Point',(222.224350692,76.4797523074,31.0890068837)) ;
#1812=CARTESIAN_POINT('Control Point',(239.854081638,-37.8085192818,35.0753623222)) ;
#1813=CARTESIAN_POINT('Control Point',(239.807434509,-36.1620893619,28.7545179289)) ;
#1814=CARTESIAN_POINT('Control Point',(239.761505872,-33.158834843,22.6610547875)) ;
#1815=CARTESIAN_POINT('Control Point',(239.717443125,-28.8626398748,17.0455580403)) ;
#1816=CARTESIAN_POINT('Control Point',(239.63531337,-18.037646814,7.23209681667)) ;
#1817=CARTESIAN_POINT('Control Point',(239.568681884,-3.7442931123,0.889908933167)) ;
#1818=CARTESIAN_POINT('Control Point',(239.539235471,4.02171574877,-1.25273884296)) ;
#1819=CARTESIAN_POINT('Control Point',(239.486185856,20.1547553684,-3.30560425247)) ;
#1820=CARTESIAN_POINT('Control Point',(239.442212264,36.2186678068,-0.913195296907)) ;
#1821=CARTESIAN_POINT('Control Point',(239.417499934,43.9180431561,1.39004551691)) ;
#1822=CARTESIAN_POINT('Control Point',(239.402936343,58.0140028185,8.02335492614)) ;
#1823=CARTESIAN_POINT('Control Point',(239.48500618,68.507723029,18.0605699174)) ;
#1824=CARTESIAN_POINT('Control Point',(239.534236094,72.6122300852,23.7659906537)) ;
#1825=CARTESIAN_POINT('Control Point',(239.585691632,75.4083089744,29.9225290324)) ;
#1826=CARTESIAN_POINT('Control Point',(239.637307746,76.8405412352,36.2775486222)) ;
#1827=CARTESIAN_POINT('Control Point',(257.513174782,-33.9375653802,37.892114205)) ;
#1828=CARTESIAN_POINT('Control Point',(257.493158234,-32.2025624191,31.6208730626)) ;
#1829=CARTESIAN_POINT('Control Point',(257.471691748,-29.1536551047,25.5972419995)) ;
#1830=CARTESIAN_POINT('Control Point',(257.449060854,-24.8586360699,20.0709101614)) ;
#1831=CARTESIAN_POINT('Control Point',(257.402384902,-14.1312479944,10.4690715218)) ;
#1832=CARTESIAN_POINT('Control Point',(257.354946686,-0.11544219599,4.38900669266)) ;
#1833=CARTESIAN_POINT('Control Point',(257.330975717,7.46934200756,2.38604764805)) ;
#1834=CARTESIAN_POINT('Control Point',(257.281636177,23.1668578876,0.619230500823)) ;
#1835=CARTESIAN_POINT('Control Point',(257.229325704,38.6821593834,3.28917118685)) ;
#1836=CARTESIAN_POINT('Control Point',(257.199560044,46.0866362706,5.72409726355)) ;
#1837=CARTESIAN_POINT('Control Point',(257.160153045,59.5750628016,12.5941945664)) ;
#1838=CARTESIAN_POINT('Control Point',(257.181109692,69.4750926513,22.7916853833)) ;
#1839=CARTESIAN_POINT('Control Point',(257.197326926,73.2957782813,28.5535770732)) ;
#1840=CARTESIAN_POINT('Control Point',(257.215965219,75.8315975036,34.739865713)) ;
#1841=CARTESIAN_POINT('Control Point',(257.236086025,77.036074321,41.0969611334)) ;
#1842=CARTESIAN_POINT('Control Point',(269.182011208,-31.4568841317,39.5185316671)) ;
#1843=CARTESIAN_POINT('Control Point',(269.185268759,-29.666858486,33.2786933404)) ;
#1844=CARTESIAN_POINT('Control Point',(269.185689101,-26.5908373681,27.2997811736)) ;
#1845=CARTESIAN_POINT('Control Point',(269.182915905,-22.2990904857,21.8309509908)) ;
#1846=CARTESIAN_POINT('Control Point',(269.170761805,-11.6398384676,12.3661869117)) ;
#1847=CARTESIAN_POINT('Control Point',(269.146226663,2.1916783792,6.45697030268)) ;
#1848=CARTESIAN_POINT('Control Point',(269.130782202,9.65700933523,4.54525503578)) ;
#1849=CARTESIAN_POINT('Control Point',(269.093605545,25.0687017365,2.96565623611)) ;
#1850=CARTESIAN_POINT('Control Point',(269.045726695,40.2254398909,5.81816481739)) ;
#1851=CARTESIAN_POINT('Control Point',(269.018609881,47.4369184164,8.3401909151)) ;
#1852=CARTESIAN_POINT('Control Point',(268.971205107,60.5277712085,15.3685506701)) ;
#1853=CARTESIAN_POINT('Control Point',(268.946217638,70.0434785471,25.6749688184)) ;
#1854=CARTESIAN_POINT('Control Point',(268.935767323,73.681195109,31.4753220338)) ;
#1855=CARTESIAN_POINT('Control Point',(268.92677472,76.0497997904,37.6820458088)) ;
#1856=CARTESIAN_POINT('Control Point',(268.919620338,77.1085540312,44.041094136)) ;
#1857=CARTESIAN_POINT('Control Point',(288.282657178,-27.6799136348,41.8754316607)) ;
#1858=CARTESIAN_POINT('Control Point',(288.294674521,-25.8085105,35.6855294628)) ;
#1859=CARTESIAN_POINT('Control Point',(288.304639449,-22.6939979038,29.7760635938)) ;
#1860=CARTESIAN_POINT('Control Point',(288.312073294,-18.4102560701,24.3952746732)) ;
#1861=CARTESIAN_POINT('Control Point',(288.321274878,-7.86078891567,15.1384134118)) ;
#1862=CARTESIAN_POINT('Control Point',(288.31891506,5.68495583971,9.48488707621)) ;
#1863=CARTESIAN_POINT('Control Point',(288.314787704,12.9662927244,7.70901824818)) ;
#1864=CARTESIAN_POINT('Control Point',(288.301030343,27.9400647579,6.40672575083)) ;
#1865=CARTESIAN_POINT('Control Point',(288.277895691,42.5519547522,9.52639079968)) ;
#1866=CARTESIAN_POINT('Control Point',(288.264525873,49.4715290394,12.1744784413)) ;
#1867=CARTESIAN_POINT('Control Point',(288.234848435,61.9626499246,19.427814724)) ;
#1868=CARTESIAN_POINT('Control Point',(288.200779058,70.8997298739,29.8835628527)) ;
#1869=CARTESIAN_POINT('Control Point',(288.183540031,74.2637638017,35.735136517)) ;
#1870=CARTESIAN_POINT('Control Point',(288.166760735,76.3838980219,41.9669228015)) ;
#1871=CARTESIAN_POINT('Control Point',(288.151086333,77.2276549409,48.3241056808)) ;
#1872=CARTESIAN_POINT('Control Point',(307.435946082,-24.333939705,43.6524567854)) ;
#1873=CARTESIAN_POINT('Control Point',(307.430546086,-22.3945985892,37.5124848044)) ;
#1874=CARTESIAN_POINT('Control Point',(307.426254238,-19.2515920711,31.6696935104)) ;
#1875=CARTESIAN_POINT('Control Point',(307.423302827,-14.9817730199,26.3712870207)) ;
#1876=CARTESIAN_POINT('Control Point',(307.420357879,-4.54492174455,17.3054835955)) ;
#1877=CARTESIAN_POINT('Control Point',(307.423349972,8.73060434841,11.8809818079)) ;
#1878=CARTESIAN_POINT('Control Point',(307.426361022,15.8404640373,10.2255204629)) ;
#1879=CARTESIAN_POINT('Control Point',(307.435235427,30.4105717624,9.16651647103)) ;
#1880=CARTESIAN_POINT('Control Point',(307.448948405,44.528522466,12.5153919383)) ;
#1881=CARTESIAN_POINT('Control Point',(307.456803558,51.1857967171,15.2698854098)) ;
#1882=CARTESIAN_POINT('Control Point',(307.473167051,63.1408404055,22.708404694)) ;
#1883=CARTESIAN_POINT('Control Point',(307.48966291,71.5634275909,33.278969111)) ;
#1884=CARTESIAN_POINT('Control Point',(307.497867845,74.6863102071,39.1671517609)) ;
#1885=CARTESIAN_POINT('Control Point',(307.505774224,76.5900076902,45.4126579543)) ;
#1886=CARTESIAN_POINT('Control Point',(307.513064095,77.2490561426,51.7601449612)) ;
#1887=CARTESIAN_POINT('Control Point',(314.925852355,-23.086061983,44.2467423139)) ;
#1888=CARTESIAN_POINT('Control Point',(314.91314088,-21.122150119,38.1263732806)) ;
#1889=CARTESIAN_POINT('Control Point',(314.90276287,-17.9696118966,32.3094734397)) ;
#1890=CARTESIAN_POINT('Control Point',(314.895252983,-13.7063800839,27.0428250966)) ;
#1891=CARTESIAN_POINT('Control Point',(314.886603144,-3.31480068677,18.0502735766)) ;
#1892=CARTESIAN_POINT('Control Point',(314.890954464,9.8560029011,12.7128952609)) ;
#1893=CARTESIAN_POINT('Control Point',(314.896448152,16.8998491923,11.1030789059)) ;
#1894=CARTESIAN_POINT('Control Point',(314.913703843,31.3153079004,10.1359789827)) ;
#1895=CARTESIAN_POINT('Control Point',(314.941840712,45.245334212,13.5708134328)) ;
#1896=CARTESIAN_POINT('Control Point',(314.95829645,51.8031278585,16.3650442349)) ;
#1897=CARTESIAN_POINT('Control Point',(314.994216778,63.5552846383,23.8724954058)) ;
#1898=CARTESIAN_POINT('Control Point',(315.03232923,71.7838675523,34.4852222632)) ;
#1899=CARTESIAN_POINT('Control Point',(315.051100394,74.8160509194,40.3865185688)) ;
#1900=CARTESIAN_POINT('Control Point',(315.069123114,76.6386840916,46.6363615253)) ;
#1901=CARTESIAN_POINT('Control Point',(315.085810407,77.2289339573,52.9792638937)) ;
#1902=CARTESIAN_POINT('Control Point',(336.240757283,-19.7035487636,45.6303247046)) ;
#1903=CARTESIAN_POINT('Control Point',(336.21240304,-17.6757432548,39.5644233823)) ;
#1904=CARTESIAN_POINT('Control Point',(336.189302387,-14.5011983127,33.8195647936)) ;
#1905=CARTESIAN_POINT('Control Point',(336.172645662,-10.2606938943,28.6413500688)) ;
#1906=CARTESIAN_POINT('Control Point',(336.153603588,-0.0033391330984,19.8528679384)) ;
#1907=CARTESIAN_POINT('Control Point',(336.163668262,12.869559301,14.7582667944)) ;
#1908=CARTESIAN_POINT('Control Point',(336.176092214,19.7270289778,13.2756381818)) ;
#1909=CARTESIAN_POINT('Control Point',(336.214810257,33.7081622308,12.564543616)) ;
#1910=CARTESIAN_POINT('Control Point',(336.277523006,47.1144764637,16.2385200969)) ;
#1911=CARTESIAN_POINT('Control Point',(336.314087239,53.3960982237,19.1431420201)) ;
#1912=CARTESIAN_POINT('Control Point',(336.394659005,64.587434234,26.8418705815)) ;
#1913=CARTESIAN_POINT('Control Point',(336.481507534,72.2831207744,37.5713542176)) ;
#1914=CARTESIAN_POINT('Control Point',(336.524197295,75.066852018,43.5088688521)) ;
#1915=CARTESIAN_POINT('Control Point',(336.565061694,76.6683003852,49.7704639775)) ;
#1916=CARTESIAN_POINT('Control Point',(336.602827179,77.0718242938,56.1002340322)) ;
#1917=CARTESIAN_POINT('Control Point',(357.754624543,-16.780213559,46.1388234389)) ;
#1918=CARTESIAN_POINT('Control Point',(357.72642415,-14.7058351714,40.1233206538)) ;
#1919=CARTESIAN_POINT('Control Point',(357.704218605,-11.5243162971,34.4458640449)) ;
#1920=CARTESIAN_POINT('Control Point',(357.689242901,-7.31864800838,29.3509460222)) ;
#1921=CARTESIAN_POINT('Control Point',(357.675096247,2.78700322987,20.7555131161)) ;
#1922=CARTESIAN_POINT('Control Point',(357.692715025,15.3591413955,15.8917363605)) ;
#1923=CARTESIAN_POINT('Control Point',(357.709511825,22.0326530683,14.5302100151)) ;
#1924=CARTESIAN_POINT('Control Point',(357.757902656,35.591973004,14.0629893797)) ;
#1925=CARTESIAN_POINT('Control Point',(357.831380556,48.5017838127,17.9646455792)) ;
#1926=CARTESIAN_POINT('Control Point',(357.873413512,54.5246915161,20.9741873761)) ;
#1927=CARTESIAN_POINT('Control Point',(357.963824739,65.1975924258,28.8551856208)) ;
#1928=CARTESIAN_POINT('Control Point',(358.057960732,72.4107212598,39.6971205106)) ;
#1929=CARTESIAN_POINT('Control Point',(358.103910187,74.971471807,45.6697407711)) ;
#1930=CARTESIAN_POINT('Control Point',(358.147487438,76.3770788699,51.9428927313)) ;
#1931=CARTESIAN_POINT('Control Point',(358.187292894,76.6183415051,58.2602546293)) ;
#1932=CARTESIAN_POINT('Control Point',(371.771035097,-15.0880138772,46.0835837081)) ;
#1933=CARTESIAN_POINT('Control Point',(371.752185329,-12.991554444,40.0976608899)) ;
#1934=CARTESIAN_POINT('Control Point',(371.738383103,-9.81259942034,34.4608134985)) ;
#1935=CARTESIAN_POINT('Control Point',(371.730532865,-5.63528824196,29.4168967752)) ;
#1936=CARTESIAN_POINT('Control Point',(371.727619823,4.3634839721,20.9409551833)) ;
#1937=CARTESIAN_POINT('Control Point',(371.749844122,16.7386627425,16.2220957069)) ;
#1938=CARTESIAN_POINT('Control Point',(371.767202183,23.2936424416,14.9370015178)) ;
#1939=CARTESIAN_POINT('Control Point',(371.813303378,36.5843654393,14.6243471449)) ;
#1940=CARTESIAN_POINT('Control Point',(371.878095961,49.1836865275,18.6713822464)) ;
#1941=CARTESIAN_POINT('Control Point',(371.914276333,55.0462721178,21.7481589516)) ;
#1942=CARTESIAN_POINT('Control Point',(371.988925729,65.4014076343,29.7470917761)) ;
#1943=CARTESIAN_POINT('Control Point',(372.061559993,72.3239970762,40.6642177658)) ;
#1944=CARTESIAN_POINT('Control Point',(372.096615975,74.7514574463,46.6611104254)) ;
#1945=CARTESIAN_POINT('Control Point',(372.129371545,76.0412895669,52.9435245638)) ;
#1946=CARTESIAN_POINT('Control Point',(372.158676106,76.1881506582,59.2548124131)) ;
#1947=CARTESIAN_POINT('Control Point',(385.856691213,-13.6278415644,45.6690683333)) ;
#1948=CARTESIAN_POINT('Control Point',(385.845259887,-11.5174180543,39.7116550561)) ;
#1949=CARTESIAN_POINT('Control Point',(385.836997889,-8.3476547545,34.1138073236)) ;
#1950=CARTESIAN_POINT('Control Point',(385.832470759,-4.20350256052,29.1187318104)) ;
#1951=CARTESIAN_POINT('Control Point',(385.831429654,5.68291220526,20.7569361328)) ;
#1952=CARTESIAN_POINT('Control Point',(385.846105169,17.8642675258,16.175893708)) ;
#1953=CARTESIAN_POINT('Control Point',(385.857339213,24.304539538,14.9633239795)) ;
#1954=CARTESIAN_POINT('Control Point',(385.886883931,37.3387695176,14.7969451109)) ;
#1955=CARTESIAN_POINT('Control Point',(385.927980209,49.6479105917,18.9806442842)) ;
#1956=CARTESIAN_POINT('Control Point',(385.950843304,55.3623460317,22.1202877409)) ;
#1957=CARTESIAN_POINT('Control Point',(385.997898663,65.4266920242,30.2286266115)) ;
#1958=CARTESIAN_POINT('Control Point',(386.043518026,72.0878225264,41.2140095741)) ;
#1959=CARTESIAN_POINT('Control Point',(386.065488065,74.3968419416,47.2323542098)) ;
#1960=CARTESIAN_POINT('Control Point',(386.085957832,75.5857722805,53.5219022445)) ;
#1961=CARTESIAN_POINT('Control Point',(386.104210266,75.6526574399,59.8257410861)) ;
#1962=CARTESIAN_POINT('Control Point',(400.,-12.3836288866,44.8795501918)) ;
#1963=CARTESIAN_POINT('Control Point',(400.,-10.2675859825,38.948140856)) ;
#1964=CARTESIAN_POINT('Control Point',(400.,-7.11408049717,33.3867952286)) ;
#1965=CARTESIAN_POINT('Control Point',(400.,-3.00855149483,28.4381257912)) ;
#1966=CARTESIAN_POINT('Control Point',(400.,6.75822595118,20.185842564)) ;
#1967=CARTESIAN_POINT('Control Point',(400.,18.7462362206,15.7386265898)) ;
#1968=CARTESIAN_POINT('Control Point',(400.,25.0740723144,14.5967885299)) ;
#1969=CARTESIAN_POINT('Control Point',(400.,37.8603767243,14.573557579)) ;
#1970=CARTESIAN_POINT('Control Point',(400.,49.895459358,18.891763936)) ;
#1971=CARTESIAN_POINT('Control Point',(400.,55.4717160599,22.0934299055)) ;
#1972=CARTESIAN_POINT('Control Point',(400.,65.268415447,30.3101689946)) ;
#1973=CARTESIAN_POINT('Control Point',(400.,71.694487366,41.3643862819)) ;
#1974=CARTESIAN_POINT('Control Point',(400.,73.8985120276,47.4048310404)) ;
#1975=CARTESIAN_POINT('Control Point',(400.,75.,53.7024406091)) ;
#1976=CARTESIAN_POINT('Control Point',(400.,75.,60.)) ;
#1978=CARTESIAN_POINT('Control Point',(5.60033594966E-016,72.6503185233,-20.9345260804)) ;
#1979=CARTESIAN_POINT('Control Point',(13.5789646929,72.4450678474,-20.529131773)) ;
#1980=CARTESIAN_POINT('Control Point',(27.1596473494,72.3295702854,-19.6197972193)) ;
#1981=CARTESIAN_POINT('Control Point',(40.7086833384,72.2939318099,-18.1825000157)) ;
#1982=CARTESIAN_POINT('Control Point',(61.2694166981,72.3984119652,-15.1989857294)) ;
#1983=CARTESIAN_POINT('Control Point',(81.6126300326,72.72016229,-11.1062556826)) ;
#1984=CARTESIAN_POINT('Control Point',(88.5548731725,72.8537564626,-9.57839445489)) ;
#1985=CARTESIAN_POINT('Control Point',(108.98345737,73.3126958733,-4.72223627896)) ;
#1986=CARTESIAN_POINT('Control Point',(129.250761938,73.8643133002,1.11125562512)) ;
#1987=CARTESIAN_POINT('Control Point',(142.642455072,74.1793489996,5.37667158781)) ;
#1988=CARTESIAN_POINT('Control Point',(163.051710751,74.7125043747,12.12165801)) ;
#1989=CARTESIAN_POINT('Control Point',(183.346021243,75.3280709114,18.8200218509)) ;
#1990=CARTESIAN_POINT('Control Point',(190.387759763,75.5532315144,21.1178881435)) ;
#1991=CARTESIAN_POINT('Control Point',(203.319806336,75.9721994492,25.2627098691)) ;
#1992=CARTESIAN_POINT('Control Point',(216.29264338,76.3350031996,29.2821466086)) ;
#1993=CARTESIAN_POINT('Control Point',(222.224350692,76.4797523074,31.0890068837)) ;
#1994=CARTESIAN_POINT('Control Point',(239.637307746,76.8405412352,36.2775486222)) ;
#1995=CARTESIAN_POINT('Control Point',(257.236086025,77.036074321,41.0969611334)) ;
#1996=CARTESIAN_POINT('Control Point',(268.919620338,77.1085540312,44.041094136)) ;
#1997=CARTESIAN_POINT('Control Point',(288.151086333,77.2276549409,48.3241056808)) ;
#1998=CARTESIAN_POINT('Control Point',(307.513064095,77.2490561426,51.7601449612)) ;
#1999=CARTESIAN_POINT('Control Point',(315.085810407,77.2289339573,52.9792638937)) ;
#2000=CARTESIAN_POINT('Control Point',(336.602827179,77.0718242938,56.1002340322)) ;
#2001=CARTESIAN_POINT('Control Point',(358.187292894,76.6183415051,58.2602546293)) ;
#2002=CARTESIAN_POINT('Control Point',(372.158676106,76.1881506582,59.2548124131)) ;
#2003=CARTESIAN_POINT('Control Point',(386.104210266,75.6526574399,59.8257410861)) ;
#2004=CARTESIAN_POINT('Control Point',(400.,75.,60.)) ;
#2014=CARTESIAN_POINT('Control Point',(5.60033594966E-016,72.6503185233,-20.9345260804)) ;
#2015=CARTESIAN_POINT('Control Point',(2.8385150066E-016,73.9070157418,-19.2309360984)) ;
#2016=CARTESIAN_POINT('Control Point',(4.06573011695E-016,75.0101483868,-17.483101295)) ;
#2017=CARTESIAN_POINT('Control Point',(3.22734300484E-016,75.9527419948,-15.7020722094)) ;
#2018=CARTESIAN_POINT('Control Point',(13.5789646929,72.4450678474,-20.529131773)) ;
#2019=CARTESIAN_POINT('Control Point',(13.5922431132,73.6615397107,-18.8269384365)) ;
#2020=CARTESIAN_POINT('Control Point',(13.6061641386,74.7256907126,-17.0816999039)) ;
#2021=CARTESIAN_POINT('Control Point',(13.6198911589,75.6305817969,-15.3042484533)) ;
#2022=CARTESIAN_POINT('Control Point',(27.1596473494,72.3295702854,-19.6197972193)) ;
#2023=CARTESIAN_POINT('Control Point',(27.1803248564,73.504672857,-17.9165615182)) ;
#2024=CARTESIAN_POINT('Control Point',(27.2017967474,74.5288446597,-16.1715285603)) ;
#2025=CARTESIAN_POINT('Control Point',(27.2231486278,75.3951667645,-14.3952977394)) ;
#2026=CARTESIAN_POINT('Control Point',(40.7086833384,72.2939318099,-18.1825000157)) ;
#2027=CARTESIAN_POINT('Control Point',(40.7298239182,73.4255343579,-16.4769470813)) ;
#2028=CARTESIAN_POINT('Control Point',(40.7515817621,74.4079222135,-14.7309924213)) ;
#2029=CARTESIAN_POINT('Control Point',(40.7735411114,75.234116281,-12.9549635751)) ;
#2030=CARTESIAN_POINT('Control Point',(61.2694166981,72.3984119652,-15.1989857294)) ;
#2031=CARTESIAN_POINT('Control Point',(61.2855526202,73.4622867044,-13.4882962628)) ;
#2032=CARTESIAN_POINT('Control Point',(61.3019821304,74.3794052216,-11.7391684762)) ;
#2033=CARTESIAN_POINT('Control Point',(61.3189282803,75.1429337935,-9.96177567872)) ;
#2034=CARTESIAN_POINT('Control Point',(81.6126300326,72.72016229,-11.1062556826)) ;
#2035=CARTESIAN_POINT('Control Point',(81.6202406305,73.7140099391,-9.38959061657)) ;
#2036=CARTESIAN_POINT('Control Point',(81.6279104935,74.5631724953,-7.63621876146)) ;
#2037=CARTESIAN_POINT('Control Point',(81.6359766202,75.2615660166,-5.85662059091)) ;
#2038=CARTESIAN_POINT('Control Point',(88.5548731725,72.8537564626,-9.57839445489)) ;
#2039=CARTESIAN_POINT('Control Point',(88.5593910067,73.8232899787,-7.85973220508)) ;
#2040=CARTESIAN_POINT('Control Point',(88.5638938776,74.6488268306,-6.10494495531)) ;
#2041=CARTESIAN_POINT('Control Point',(88.5687044203,75.3245956632,-4.32465733747)) ;
#2042=CARTESIAN_POINT('Control Point',(108.98345737,73.3126958733,-4.72223627896)) ;
#2043=CARTESIAN_POINT('Control Point',(108.979824255,74.2093690974,-2.99796214632)) ;
#2044=CARTESIAN_POINT('Control Point',(108.976175172,74.9637476077,-1.23914034213)) ;
#2045=CARTESIAN_POINT('Control Point',(108.972293743,75.5714742472,0.542891531738)) ;
#2046=CARTESIAN_POINT('Control Point',(129.250761938,73.8643133002,1.11125562512)) ;
#2047=CARTESIAN_POINT('Control Point',(129.23962745,74.6804600655,2.83558035203)) ;
#2048=CARTESIAN_POINT('Control Point',(129.228664053,75.3566292392,4.59249597897)) ;
#2049=CARTESIAN_POINT('Control Point',(129.216874432,75.8904743851,6.36989631956)) ;
#2050=CARTESIAN_POINT('Control Point',(142.642455072,74.1793489996,5.37667158781)) ;
#2051=CARTESIAN_POINT('Control Point',(142.623770329,74.9347210728,7.09370788338)) ;
#2052=CARTESIAN_POINT('Control Point',(142.604822739,75.5538449486,8.8409966625)) ;
#2053=CARTESIAN_POINT('Control Point',(142.585501583,76.0346621427,10.6068796088)) ;
#2054=CARTESIAN_POINT('Control Point',(163.051710751,74.7125043747,12.12165801)) ;
#2055=CARTESIAN_POINT('Control Point',(163.030015876,75.3755288852,13.8226964872)) ;
#2056=CARTESIAN_POINT('Control Point',(163.007508101,75.9085021606,15.550494496)) ;
#2057=CARTESIAN_POINT('Control Point',(162.985301729,76.3097117662,17.2940758122)) ;
#2058=CARTESIAN_POINT('Control Point',(183.346021243,75.3280709114,18.8200218509)) ;
#2059=CARTESIAN_POINT('Control Point',(183.333859544,75.9061872187,20.5026267258)) ;
#2060=CARTESIAN_POINT('Control Point',(183.321058224,76.3605133555,22.2087938682)) ;
#2061=CARTESIAN_POINT('Control Point',(183.308634655,76.6891857893,23.9281861594)) ;
#2062=CARTESIAN_POINT('Control Point',(190.387759763,75.5532315144,21.1178881435)) ;
#2063=CARTESIAN_POINT('Control Point',(190.38047361,76.1032244673,22.7941231743)) ;
#2064=CARTESIAN_POINT('Control Point',(190.372753485,76.531542663,24.4928759428)) ;
#2065=CARTESIAN_POINT('Control Point',(190.365317502,76.8362017476,26.20400703)) ;
#2066=CARTESIAN_POINT('Control Point',(203.319806336,75.9721994492,25.2627098691)) ;
#2067=CARTESIAN_POINT('Control Point',(203.322969112,76.4725561859,26.92712758)) ;
#2068=CARTESIAN_POINT('Control Point',(203.326263957,76.8551443321,28.6121779614)) ;
#2069=CARTESIAN_POINT('Control Point',(203.329468315,77.1175777473,30.3080978711)) ;
#2070=CARTESIAN_POINT('Control Point',(216.29264338,76.3350031996,29.2821466086)) ;
#2071=CARTESIAN_POINT('Control Point',(216.303006127,76.7868825346,30.9326981681)) ;
#2072=CARTESIAN_POINT('Control Point',(216.314147274,77.1252301317,32.6019468601)) ;
#2073=CARTESIAN_POINT('Control Point',(216.324796314,77.3471342044,34.2805453541)) ;
#2074=CARTESIAN_POINT('Control Point',(222.224350692,76.4797523074,31.0890068837)) ;
#2075=CARTESIAN_POINT('Control Point',(222.236500836,76.909462802,32.7325865835)) ;
#2076=CARTESIAN_POINT('Control Point',(222.249710893,77.2276708118,34.3939613521)) ;
#2077=CARTESIAN_POINT('Control Point',(222.262285232,77.4312324866,36.0639791104)) ;
#2078=CARTESIAN_POINT('Control Point',(239.637307746,76.8405412352,36.2775486222)) ;
#2079=CARTESIAN_POINT('Control Point',(239.650467647,77.2054189677,37.8990616476)) ;
#2080=CARTESIAN_POINT('Control Point',(239.665302063,77.4648386003,39.5357359212)) ;
#2081=CARTESIAN_POINT('Control Point',(239.679268617,77.6152165009,41.178936024)) ;
#2082=CARTESIAN_POINT('Control Point',(257.236086025,77.036074321,41.0969611334)) ;
#2083=CARTESIAN_POINT('Control Point',(257.241034413,77.3378093709,42.6928028651)) ;
#2084=CARTESIAN_POINT('Control Point',(257.24745033,77.5400195138,44.3012911157)) ;
#2085=CARTESIAN_POINT('Control Point',(257.253328159,77.6396047091,45.9141134047)) ;
#2086=CARTESIAN_POINT('Control Point',(268.919620338,77.1085540312,44.041094136)) ;
#2087=CARTESIAN_POINT('Control Point',(268.917812786,77.370868602,45.6196851765)) ;
#2088=CARTESIAN_POINT('Control Point',(268.916676693,77.5370775143,47.2094017245)) ;
#2089=CARTESIAN_POINT('Control Point',(268.915530608,77.6051079586,48.8020350713)) ;
#2090=CARTESIAN_POINT('Control Point',(288.151086333,77.2276549409,48.3241056808)) ;
#2091=CARTESIAN_POINT('Control Point',(288.147290844,77.4331851727,49.8761824361)) ;
#2092=CARTESIAN_POINT('Control Point',(288.143363,77.5476067296,51.4371849553)) ;
#2093=CARTESIAN_POINT('Control Point',(288.139730273,77.5701128003,52.9991332879)) ;
#2094=CARTESIAN_POINT('Control Point',(307.513064095,77.2490561426,51.7601449612)) ;
#2095=CARTESIAN_POINT('Control Point',(307.514840023,77.4074251028,53.2868434304)) ;
#2096=CARTESIAN_POINT('Control Point',(307.516613546,77.4791666927,54.8206342715)) ;
#2097=CARTESIAN_POINT('Control Point',(307.518264491,77.4641126013,56.3537924149)) ;
#2098=CARTESIAN_POINT('Control Point',(315.085810407,77.2289339573,52.9792638937)) ;
#2099=CARTESIAN_POINT('Control Point',(315.089817909,77.3699435898,54.4960508305)) ;
#2100=CARTESIAN_POINT('Control Point',(315.093948709,77.4260198105,56.0192470869)) ;
#2101=CARTESIAN_POINT('Control Point',(315.097751684,77.3972277767,57.5412290829)) ;
#2102=CARTESIAN_POINT('Control Point',(336.602827179,77.0718242938,56.1002340322)) ;
#2103=CARTESIAN_POINT('Control Point',(336.611752057,77.1662720803,57.5890261014)) ;
#2104=CARTESIAN_POINT('Control Point',(336.621084106,77.1804710557,59.082350338)) ;
#2105=CARTESIAN_POINT('Control Point',(336.62958087,77.115178572,60.5728876427)) ;
#2106=CARTESIAN_POINT('Control Point',(358.187292894,76.6183415051,58.2602546293)) ;
#2107=CARTESIAN_POINT('Control Point',(358.196495479,76.6737672222,59.7215615394)) ;
#2108=CARTESIAN_POINT('Control Point',(358.206085302,76.6534004096,61.1856847247)) ;
#2109=CARTESIAN_POINT('Control Point',(358.214690339,76.5586619268,62.6456558021)) ;
#2110=CARTESIAN_POINT('Control Point',(372.158676106,76.1881506582,59.2548124131)) ;
#2111=CARTESIAN_POINT('Control Point',(372.165348937,76.2214442302,60.6988091386)) ;
#2112=CARTESIAN_POINT('Control Point',(372.172066665,76.181810716,62.1445590346)) ;
#2113=CARTESIAN_POINT('Control Point',(372.178033234,76.0710351931,63.5853523835)) ;
#2114=CARTESIAN_POINT('Control Point',(386.104210266,75.6526574399,59.8257410861)) ;
#2115=CARTESIAN_POINT('Control Point',(386.108297932,75.6676364914,61.2527031599)) ;
#2116=CARTESIAN_POINT('Control Point',(386.112423928,75.6128195496,62.6804888904)) ;
#2117=CARTESIAN_POINT('Control Point',(386.116045529,75.4895902786,64.1026424379)) ;
#2118=CARTESIAN_POINT('Control Point',(400.,75.,60.)) ;
#2119=CARTESIAN_POINT('Control Point',(400.,75.,61.4103497457)) ;
#2120=CARTESIAN_POINT('Control Point',(400.,74.9336483178,62.8206976551)) ;
#2121=CARTESIAN_POINT('Control Point',(400.,74.801237852,64.2248179754)) ;
#2123=CARTESIAN_POINT('Control Point',(3.22734300484E-016,75.9527419948,-15.7020722094)) ;
#2124=CARTESIAN_POINT('Control Point',(13.6198911589,75.6305817969,-15.3042484533)) ;
#2125=CARTESIAN_POINT('Control Point',(27.2231486278,75.3951667645,-14.3952977394)) ;
#2126=CARTESIAN_POINT('Control Point',(40.7735411114,75.234116281,-12.9549635751)) ;
#2127=CARTESIAN_POINT('Control Point',(61.3189282803,75.1429337935,-9.96177567872)) ;
#2128=CARTESIAN_POINT('Control Point',(81.6359766202,75.2615660166,-5.85662059091)) ;
#2129=CARTESIAN_POINT('Control Point',(88.5687044203,75.3245956632,-4.32465733747)) ;
#2130=CARTESIAN_POINT('Control Point',(108.972293743,75.5714742472,0.542891531738)) ;
#2131=CARTESIAN_POINT('Control Point',(129.216874432,75.8904743851,6.36989631956)) ;
#2132=CARTESIAN_POINT('Control Point',(142.585501583,76.0346621427,10.6068796088)) ;
#2133=CARTESIAN_POINT('Control Point',(162.985301729,76.3097117662,17.2940758122)) ;
#2134=CARTESIAN_POINT('Control Point',(183.308634655,76.6891857893,23.9281861594)) ;
#2135=CARTESIAN_POINT('Control Point',(190.365317502,76.8362017476,26.20400703)) ;
#2136=CARTESIAN_POINT('Control Point',(203.329468315,77.1175777473,30.3080978711)) ;
#2137=CARTESIAN_POINT('Control Point',(216.324796314,77.3471342044,34.2805453541)) ;
#2138=CARTESIAN_POINT('Control Point',(222.262285232,77.4312324866,36.0639791104)) ;
#2139=CARTESIAN_POINT('Control Point',(239.679268617,77.6152165009,41.178936024)) ;
#2140=CARTESIAN_POINT('Control Point',(257.253328159,77.6396047091,45.9141134047)) ;
#2141=CARTESIAN_POINT('Control Point',(268.915530608,77.6051079586,48.8020350713)) ;
#2142=CARTESIAN_POINT('Control Point',(288.139730273,77.5701128003,52.9991332879)) ;
#2143=CARTESIAN_POINT('Control Point',(307.518264491,77.4641126013,56.3537924149)) ;
#2144=CARTESIAN_POINT('Control Point',(315.097751684,77.3972277767,57.5412290829)) ;
#2145=CARTESIAN_POINT('Control Point',(336.62958087,77.115178572,60.5728876427)) ;
#2146=CARTESIAN_POINT('Control Point',(358.214690339,76.5586619268,62.6456558021)) ;
#2147=CARTESIAN_POINT('Control Point',(372.178033234,76.0710351931,63.5853523835)) ;
#2148=CARTESIAN_POINT('Control Point',(386.116045529,75.4895902786,64.1026424379)) ;
#2149=CARTESIAN_POINT('Control Point',(400.,74.801237852,64.2248179754)) ;
#2159=CARTESIAN_POINT('Control Point',(3.22734300484E-016,75.9527419948,-15.7020722094)) ;
#2160=CARTESIAN_POINT('Control Point',(2.24555725008E-016,77.0554508568,-13.6185056122)) ;
#2161=CARTESIAN_POINT('Control Point',(3.84869176636E-016,77.9383537871,-11.4895090596)) ;
#2162=CARTESIAN_POINT('Control Point',(1.93101814636E-016,78.593816555,-9.33349142792)) ;
#2163=CARTESIAN_POINT('Control Point',(13.6198911589,75.6305817969,-15.3042484533)) ;
#2164=CARTESIAN_POINT('Control Point',(13.6359499428,76.6865609124,-13.229823026)) ;
#2165=CARTESIAN_POINT('Control Point',(13.6523284759,77.5254497687,-11.1115087259)) ;
#2166=CARTESIAN_POINT('Control Point',(13.668863275,78.139910101,-8.96744391128)) ;
#2167=CARTESIAN_POINT('Control Point',(27.2231486278,75.3951667645,-14.3952977394)) ;
#2168=CARTESIAN_POINT('Control Point',(27.2480319906,76.4036384446,-12.327281131)) ;
#2169=CARTESIAN_POINT('Control Point',(27.2734774929,77.1979764456,-10.2169878083)) ;
#2170=CARTESIAN_POINT('Control Point',(27.2992979749,77.7711372909,-8.08231049427)) ;
#2171=CARTESIAN_POINT('Control Point',(40.7735411114,75.234116281,-12.9549635751)) ;
#2172=CARTESIAN_POINT('Control Point',(40.799033689,76.1935086605,-10.8922267223)) ;
#2173=CARTESIAN_POINT('Control Point',(40.8253395937,76.9421350169,-8.78899647307)) ;
#2174=CARTESIAN_POINT('Control Point',(40.8524151719,77.4732138875,-6.66289403284)) ;
#2175=CARTESIAN_POINT('Control Point',(61.3189282803,75.1429337935,-9.96177567872)) ;
#2176=CARTESIAN_POINT('Control Point',(61.3385134103,76.0262139167,-7.90517786884)) ;
#2177=CARTESIAN_POINT('Control Point',(61.3590166709,76.7039256361,-5.81085622421)) ;
#2178=CARTESIAN_POINT('Control Point',(61.3805560383,77.1698537669,-3.69616141464)) ;
#2179=CARTESIAN_POINT('Control Point',(81.6359766202,75.2615660166,-5.85662059091)) ;
#2180=CARTESIAN_POINT('Control Point',(81.6452673905,76.0665668266,-3.80524242705)) ;
#2181=CARTESIAN_POINT('Control Point',(81.6551166374,76.6712954816,-1.71909421389)) ;
#2182=CARTESIAN_POINT('Control Point',(81.6656356452,77.0703840138,0.384573468957)) ;
#2183=CARTESIAN_POINT('Control Point',(88.5687044203,75.3245956632,-4.32465733747)) ;
#2184=CARTESIAN_POINT('Control Point',(88.5742357071,76.1025034892,-2.27515092627)) ;
#2185=CARTESIAN_POINT('Control Point',(88.5801535934,76.681980067,-0.191912650242)) ;
#2186=CARTESIAN_POINT('Control Point',(88.5865429852,77.0579739386,1.90782815438)) ;
#2187=CARTESIAN_POINT('Control Point',(108.972293743,75.5714742472,0.542891531738)) ;
#2188=CARTESIAN_POINT('Control Point',(108.967817132,76.2681849056,2.5864618618)) ;
#2189=CARTESIAN_POINT('Control Point',(108.963030601,76.7719342933,4.66057565888)) ;
#2190=CARTESIAN_POINT('Control Point',(108.957864597,77.078753029,6.74801912898)) ;
#2191=CARTESIAN_POINT('Control Point',(129.216874432,75.8904743851,6.36989631956)) ;
#2192=CARTESIAN_POINT('Control Point',(129.203385942,76.4999097028,8.3997335656)) ;
#2193=CARTESIAN_POINT('Control Point',(129.1889452,76.923187141,10.4564059262)) ;
#2194=CARTESIAN_POINT('Control Point',(129.173350885,77.1574314014,12.5229513251)) ;
#2195=CARTESIAN_POINT('Control Point',(142.585501583,76.0346621427,10.6068796088)) ;
#2196=CARTESIAN_POINT('Control Point',(142.563484691,76.5818712815,12.6175358699)) ;
#2197=CARTESIAN_POINT('Control Point',(142.540754052,76.9492457505,14.6523048178)) ;
#2198=CARTESIAN_POINT('Control Point',(142.517225578,77.1341339593,16.6948516357)) ;
#2199=CARTESIAN_POINT('Control Point',(162.985301729,76.3097117662,17.2940758122)) ;
#2200=CARTESIAN_POINT('Control Point',(162.96015247,76.7642304422,19.2702587075)) ;
#2201=CARTESIAN_POINT('Control Point',(162.934746838,77.0488968117,21.2667231671)) ;
#2202=CARTESIAN_POINT('Control Point',(162.909189094,77.1614532769,23.2680417582)) ;
#2203=CARTESIAN_POINT('Control Point',(183.308634655,76.6891857893,23.9281861594)) ;
#2204=CARTESIAN_POINT('Control Point',(183.294619091,77.060164111,25.869178363)) ;
#2205=CARTESIAN_POINT('Control Point',(183.280594612,77.2706062628,27.8270526015)) ;
#2206=CARTESIAN_POINT('Control Point',(183.26667838,77.3188232396,29.7870883982)) ;
#2207=CARTESIAN_POINT('Control Point',(190.365317502,76.8362017476,26.20400703)) ;
#2208=CARTESIAN_POINT('Control Point',(190.356946144,77.1796388788,28.133184197)) ;
#2209=CARTESIAN_POINT('Control Point',(190.348600085,77.3656050376,30.0781187787)) ;
#2210=CARTESIAN_POINT('Control Point',(190.340358743,77.3926445959,32.0242954307)) ;
#2211=CARTESIAN_POINT('Control Point',(203.329468315,77.1175777473,30.3080978711)) ;
#2212=CARTESIAN_POINT('Control Point',(203.333085525,77.4127608285,32.2160029166)) ;
#2213=CARTESIAN_POINT('Control Point',(203.336694184,77.5559136946,34.1376461674)) ;
#2214=CARTESIAN_POINT('Control Point',(203.340268128,77.546019388,36.0588620063)) ;
#2215=CARTESIAN_POINT('Control Point',(216.324796314,77.3471342044,34.2805453541)) ;
#2216=CARTESIAN_POINT('Control Point',(216.336758985,77.5962981134,36.1655297906)) ;
#2217=CARTESIAN_POINT('Control Point',(216.348684159,77.6990503649,38.0622177645)) ;
#2218=CARTESIAN_POINT('Control Point',(216.360434662,77.6547278989,39.9568412721)) ;
#2219=CARTESIAN_POINT('Control Point',(222.262285232,77.4312324866,36.0639791104)) ;
#2220=CARTESIAN_POINT('Control Point',(222.276395739,77.6596249306,37.9378817997)) ;
#2221=CARTESIAN_POINT('Control Point',(222.290480432,77.7442666752,39.8225449675)) ;
#2222=CARTESIAN_POINT('Control Point',(222.304354876,77.6846264147,41.7044029143)) ;
#2223=CARTESIAN_POINT('Control Point',(239.679268617,77.6152165009,41.178936024)) ;
#2224=CARTESIAN_POINT('Control Point',(239.694906445,77.7835218542,43.0188463602)) ;
#2225=CARTESIAN_POINT('Control Point',(239.710608913,77.8161065248,44.8667355651)) ;
#2226=CARTESIAN_POINT('Control Point',(239.726088941,77.7127570855,46.7096776109)) ;
#2227=CARTESIAN_POINT('Control Point',(257.253328159,77.6396047091,45.9141134047)) ;
#2228=CARTESIAN_POINT('Control Point',(257.259885588,77.7508691982,47.7169834941)) ;
#2229=CARTESIAN_POINT('Control Point',(257.266680161,77.7348195565,49.525085905)) ;
#2230=CARTESIAN_POINT('Control Point',(257.273454928,77.5914332379,51.3262165417)) ;
#2231=CARTESIAN_POINT('Control Point',(268.915530608,77.6051079586,48.8020350713)) ;
#2232=CARTESIAN_POINT('Control Point',(268.914248081,77.6810442304,50.5806421418)) ;
#2233=CARTESIAN_POINT('Control Point',(268.91327199,77.635075029,52.362772341)) ;
#2234=CARTESIAN_POINT('Control Point',(268.912466096,77.4673164985,54.136680636)) ;
#2235=CARTESIAN_POINT('Control Point',(288.139730273,77.5701128003,52.9991332879)) ;
#2236=CARTESIAN_POINT('Control Point',(288.1356803,77.5951869244,54.7412479281)) ;
#2237=CARTESIAN_POINT('Control Point',(288.131816206,77.5060054022,56.4845023179)) ;
#2238=CARTESIAN_POINT('Control Point',(288.128127928,77.3030234663,58.2177668296)) ;
#2239=CARTESIAN_POINT('Control Point',(307.518264491,77.4641126013,56.3537924149)) ;
#2240=CARTESIAN_POINT('Control Point',(307.520105741,77.4473288627,58.0623703351)) ;
#2241=CARTESIAN_POINT('Control Point',(307.521842868,77.3226416148,59.7701737356)) ;
#2242=CARTESIAN_POINT('Control Point',(307.523490965,77.0908948353,61.4665666138)) ;
#2243=CARTESIAN_POINT('Control Point',(315.097751684,77.3972277767,57.5412290829)) ;
#2244=CARTESIAN_POINT('Control Point',(315.10198928,77.3651451541,59.2368965226)) ;
#2245=CARTESIAN_POINT('Control Point',(315.106009504,77.2275397069,60.9310818638)) ;
#2246=CARTESIAN_POINT('Control Point',(315.109836138,76.9853999397,62.6133372295)) ;
#2247=CARTESIAN_POINT('Control Point',(336.62958087,77.115178572,60.5728876427)) ;
#2248=CARTESIAN_POINT('Control Point',(336.639043124,77.0424652316,62.2325633107)) ;
#2249=CARTESIAN_POINT('Control Point',(336.64799245,76.8708079858,63.8888314742)) ;
#2250=CARTESIAN_POINT('Control Point',(336.656487158,76.6015579227,65.5317730174)) ;
#2251=CARTESIAN_POINT('Control Point',(358.214690339,76.5586619268,62.6456558021)) ;
#2252=CARTESIAN_POINT('Control Point',(358.224270803,76.4531788832,64.2712519078)) ;
#2253=CARTESIAN_POINT('Control Point',(358.233197448,76.2548965591,65.8917361565)) ;
#2254=CARTESIAN_POINT('Control Point',(358.241587405,75.9653583055,67.4977025881)) ;
#2255=CARTESIAN_POINT('Control Point',(372.178033234,76.0710351931,63.5853523835)) ;
#2256=CARTESIAN_POINT('Control Point',(372.184678507,75.9476770039,65.1899433779)) ;
#2257=CARTESIAN_POINT('Control Point',(372.190702466,75.7353731606,66.7883997867)) ;
#2258=CARTESIAN_POINT('Control Point',(372.196275148,75.4356891917,68.371639)) ;
#2259=CARTESIAN_POINT('Control Point',(386.116045529,75.4895902786,64.1026424379)) ;
#2260=CARTESIAN_POINT('Control Point',(386.120083444,75.3522977136,65.6871922249)) ;
#2261=CARTESIAN_POINT('Control Point',(386.123705793,75.1295730551,67.2647449313)) ;
#2262=CARTESIAN_POINT('Control Point',(386.127039772,74.8228938257,68.8265026295)) ;
#2263=CARTESIAN_POINT('Control Point',(400.,74.801237852,64.2248179754)) ;
#2264=CARTESIAN_POINT('Control Point',(400.,74.6536063679,65.7903465433)) ;
#2265=CARTESIAN_POINT('Control Point',(400.,74.423841677,67.3481266599)) ;
#2266=CARTESIAN_POINT('Control Point',(400.,74.11320422,68.889612671)) ;
#2268=CARTESIAN_POINT('Control Point',(1.93101814636E-016,78.593816555,-9.33349142792)) ;
#2269=CARTESIAN_POINT('Control Point',(13.668863275,78.139910101,-8.96744391128)) ;
#2270=CARTESIAN_POINT('Control Point',(27.2992979749,77.7711372909,-8.08231049427)) ;
#2271=CARTESIAN_POINT('Control Point',(40.8524151719,77.4732138875,-6.66289403284)) ;
#2272=CARTESIAN_POINT('Control Point',(61.3805560383,77.1698537669,-3.69616141464)) ;
#2273=CARTESIAN_POINT('Control Point',(81.6656356452,77.0703840138,0.384573468957)) ;
#2274=CARTESIAN_POINT('Control Point',(88.5865429852,77.0579739386,1.90782815438)) ;
#2275=CARTESIAN_POINT('Control Point',(108.957864597,77.078753029,6.74801912898)) ;
#2276=CARTESIAN_POINT('Control Point',(129.173350885,77.1574314014,12.5229513251)) ;
#2277=CARTESIAN_POINT('Control Point',(142.517225578,77.1341339593,16.6948516357)) ;
#2278=CARTESIAN_POINT('Control Point',(162.909189094,77.1614532769,23.2680417582)) ;
#2279=CARTESIAN_POINT('Control Point',(183.26667838,77.3188232396,29.7870883982)) ;
#2280=CARTESIAN_POINT('Control Point',(190.340358743,77.3926445959,32.0242954307)) ;
#2281=CARTESIAN_POINT('Control Point',(203.340268128,77.546019388,36.0588620063)) ;
#2282=CARTESIAN_POINT('Control Point',(216.360434662,77.6547278989,39.9568412721)) ;
#2283=CARTESIAN_POINT('Control Point',(222.304354876,77.6846264147,41.7044029143)) ;
#2284=CARTESIAN_POINT('Control Point',(239.726088941,77.7127570855,46.7096776109)) ;
#2285=CARTESIAN_POINT('Control Point',(257.273454928,77.5914332379,51.3262165417)) ;
#2286=CARTESIAN_POINT('Control Point',(268.912466096,77.4673164985,54.136680636)) ;
#2287=CARTESIAN_POINT('Control Point',(288.128127928,77.3030234663,58.2177668296)) ;
#2288=CARTESIAN_POINT('Control Point',(307.523490965,77.0908948353,61.4665666138)) ;
#2289=CARTESIAN_POINT('Control Point',(315.109836138,76.9853999397,62.6133372295)) ;
#2290=CARTESIAN_POINT('Control Point',(336.656487158,76.6015579227,65.5317730174)) ;
#2291=CARTESIAN_POINT('Control Point',(358.241587405,75.9653583055,67.4977025881)) ;
#2292=CARTESIAN_POINT('Control Point',(372.196275148,75.4356891917,68.371639)) ;
#2293=CARTESIAN_POINT('Control Point',(386.127039772,74.8228938257,68.8265026295)) ;
#2294=CARTESIAN_POINT('Control Point',(400.,74.11320422,68.889612671)) ;
#2304=CARTESIAN_POINT('Control Point',(1.93101814636E-016,78.593816555,-9.33349142792)) ;
#2305=CARTESIAN_POINT('Control Point',(2.87202367567E-017,79.1553477768,-7.48644339645)) ;
#2306=CARTESIAN_POINT('Control Point',(-2.0703581281E-016,79.5500149126,-5.61958440644)) ;
#2307=CARTESIAN_POINT('Control Point',(-4.5502740358E-017,79.7753116515,-3.744769837)) ;
#2308=CARTESIAN_POINT('Control Point',(13.668863275,78.139910101,-8.96744391128)) ;
#2309=CARTESIAN_POINT('Control Point',(13.6830285432,78.6648847635,-7.1353395186)) ;
#2310=CARTESIAN_POINT('Control Point',(13.69723557,79.026041062,-5.28448541999)) ;
#2311=CARTESIAN_POINT('Control Point',(13.7115819721,79.2210193503,-3.4264846577)) ;
#2312=CARTESIAN_POINT('Control Point',(27.2992979749,77.7711372909,-8.08231049427)) ;
#2313=CARTESIAN_POINT('Control Point',(27.321328051,78.259544151,-6.26282220501)) ;
#2314=CARTESIAN_POINT('Control Point',(27.3435233418,78.5873274993,-4.42569423834)) ;
#2315=CARTESIAN_POINT('Control Point',(27.3660080014,78.7522714703,-2.58230672472)) ;
#2316=CARTESIAN_POINT('Control Point',(40.8524151719,77.4732138875,-6.66289403284)) ;
#2317=CARTESIAN_POINT('Control Point',(40.875427664,77.9246410684,-4.85516213702)) ;
#2318=CARTESIAN_POINT('Control Point',(40.8988723444,78.2188927257,-3.03099583933)) ;
#2319=CARTESIAN_POINT('Control Point',(40.9228768683,78.3538620122,-1.20154476224)) ;
#2320=CARTESIAN_POINT('Control Point',(61.3805560383,77.1698537669,-3.69616141464)) ;
#2321=CARTESIAN_POINT('Control Point',(61.3987833766,77.5644275186,-1.90473488274)) ;
#2322=CARTESIAN_POINT('Control Point',(61.4176493233,77.8071468684,-0.098788932711)) ;
#2323=CARTESIAN_POINT('Control Point',(61.4372449791,77.896193996,1.71081926363)) ;
#2324=CARTESIAN_POINT('Control Point',(81.6656356452,77.0703840138,0.384573468957)) ;
#2325=CARTESIAN_POINT('Control Point',(81.6745087003,77.407226028,2.1603112367)) ;
#2326=CARTESIAN_POINT('Control Point',(81.6838100095,77.597641834,3.94847470639)) ;
#2327=CARTESIAN_POINT('Control Point',(81.6935721837,77.640288623,5.73844985221)) ;
#2328=CARTESIAN_POINT('Control Point',(88.5865429852,77.0579739386,1.90782815438)) ;
#2329=CARTESIAN_POINT('Control Point',(88.5919237659,77.3749364547,3.67810201487)) ;
#2330=CARTESIAN_POINT('Control Point',(88.5976110762,77.5473508723,5.46006348873)) ;
#2331=CARTESIAN_POINT('Control Point',(88.6036150592,77.57405571,7.24317879177)) ;
#2332=CARTESIAN_POINT('Control Point',(108.957864597,77.078753029,6.74801912898)) ;
#2333=CARTESIAN_POINT('Control Point',(108.953502285,77.3363685024,8.50162404205)) ;
#2334=CARTESIAN_POINT('Control Point',(108.948900426,77.4550536134,10.2646356844)) ;
#2335=CARTESIAN_POINT('Control Point',(108.944034128,77.43424665,12.0267611827)) ;
#2336=CARTESIAN_POINT('Control Point',(129.173350885,77.1574314014,12.5229513251)) ;
#2337=CARTESIAN_POINT('Control Point',(129.160276607,77.3533906652,14.252930573)) ;
#2338=CARTESIAN_POINT('Control Point',(129.146416995,77.4169041236,15.9898363544)) ;
#2339=CARTESIAN_POINT('Control Point',(129.131829674,77.3478977348,17.723748602)) ;
#2340=CARTESIAN_POINT('Control Point',(142.517225578,77.1341339593,16.6948516357)) ;
#2341=CARTESIAN_POINT('Control Point',(142.49756478,77.2884428481,18.4009453293)) ;
#2342=CARTESIAN_POINT('Control Point',(142.477297835,77.3155663602,20.1124154303)) ;
#2343=CARTESIAN_POINT('Control Point',(142.456555976,77.2154073626,21.8197368311)) ;
#2344=CARTESIAN_POINT('Control Point',(162.909189094,77.1614532769,23.2680417582)) ;
#2345=CARTESIAN_POINT('Control Point',(162.887922012,77.2550659117,24.9343127206)) ;
#2346=CARTESIAN_POINT('Control Point',(162.866406152,77.2295663866,26.6038721919)) ;
#2347=CARTESIAN_POINT('Control Point',(162.844853101,77.0848924022,28.2677618313)) ;
#2348=CARTESIAN_POINT('Control Point',(183.26667838,77.3188232396,29.7870883982)) ;
#2349=CARTESIAN_POINT('Control Point',(183.255128556,77.3588345701,31.4145810913)) ;
#2350=CARTESIAN_POINT('Control Point',(183.243545947,77.2871229282,33.0435208371)) ;
#2351=CARTESIAN_POINT('Control Point',(183.232070609,77.1038946069,34.6654333411)) ;
#2352=CARTESIAN_POINT('Control Point',(190.340358743,77.3926445959,32.0242954307)) ;
#2353=CARTESIAN_POINT('Control Point',(190.333528284,77.415056654,33.6388728521)) ;
#2354=CARTESIAN_POINT('Control Point',(190.326697906,77.328174139,35.254277654)) ;
#2355=CARTESIAN_POINT('Control Point',(190.319956554,77.1323393611,36.8621890995)) ;
#2356=CARTESIAN_POINT('Control Point',(203.340268128,77.546019388,36.0588620063)) ;
#2357=CARTESIAN_POINT('Control Point',(203.343235212,77.5377997342,37.6504362542)) ;
#2358=CARTESIAN_POINT('Control Point',(203.346203253,77.4245688471,39.2417170934)) ;
#2359=CARTESIAN_POINT('Control Point',(203.349139536,77.2069477418,40.8246562984)) ;
#2360=CARTESIAN_POINT('Control Point',(216.360434662,77.6547278989,39.9568412721)) ;
#2361=CARTESIAN_POINT('Control Point',(216.370160449,77.6180409274,41.52467877)) ;
#2362=CARTESIAN_POINT('Control Point',(216.379886291,77.4806304479,43.0911167418)) ;
#2363=CARTESIAN_POINT('Control Point',(216.389468656,77.243327586,44.6483892047)) ;
#2364=CARTESIAN_POINT('Control Point',(222.304354876,77.6846264147,41.7044029143)) ;
#2365=CARTESIAN_POINT('Control Point',(222.315831805,77.6352866036,43.2610229761)) ;
#2366=CARTESIAN_POINT('Control Point',(222.327319604,77.4872185762,44.8157393263)) ;
#2367=CARTESIAN_POINT('Control Point',(222.338634213,77.2413202402,46.3609196574)) ;
#2368=CARTESIAN_POINT('Control Point',(239.726088941,77.7127570855,46.7096776109)) ;
#2369=CARTESIAN_POINT('Control Point',(239.738880367,77.6273351213,48.2325388788)) ;
#2370=CARTESIAN_POINT('Control Point',(239.751739828,77.4491203142,49.7520323261)) ;
#2371=CARTESIAN_POINT('Control Point',(239.764408964,77.17912657,51.2609245181)) ;
#2372=CARTESIAN_POINT('Control Point',(257.273454928,77.5914332379,51.3262165417)) ;
#2373=CARTESIAN_POINT('Control Point',(257.279046815,77.4729989708,52.8138147622)) ;
#2374=CARTESIAN_POINT('Control Point',(257.284801452,77.2677967559,54.296652981)) ;
#2375=CARTESIAN_POINT('Control Point',(257.29051191,76.9767851192,55.7679001444)) ;
#2376=CARTESIAN_POINT('Control Point',(268.912466096,77.4673164985,54.136680636)) ;
#2377=CARTESIAN_POINT('Control Point',(268.911800383,77.3287780072,55.6015692706)) ;
#2378=CARTESIAN_POINT('Control Point',(268.911345249,77.1073135894,57.0608451292)) ;
#2379=CARTESIAN_POINT('Control Point',(268.910984273,76.8038224405,58.5079250939)) ;
#2380=CARTESIAN_POINT('Control Point',(288.128127928,77.3030234663,58.2177668296)) ;
#2381=CARTESIAN_POINT('Control Point',(288.125082768,77.1354315221,59.6488246475)) ;
#2382=CARTESIAN_POINT('Control Point',(288.122169156,76.890353317,61.0730709395)) ;
#2383=CARTESIAN_POINT('Control Point',(288.119363769,76.5687608788,62.4842831915)) ;
#2384=CARTESIAN_POINT('Control Point',(307.523490965,77.0908948353,61.4665666138)) ;
#2385=CARTESIAN_POINT('Control Point',(307.524851718,76.8995572272,62.8671639296)) ;
#2386=CARTESIAN_POINT('Control Point',(307.526139267,76.6352303243,64.2599807591)) ;
#2387=CARTESIAN_POINT('Control Point',(307.527372554,76.2990872063,65.6391110574)) ;
#2388=CARTESIAN_POINT('Control Point',(315.109836138,76.9853999397,62.6133372295)) ;
#2389=CARTESIAN_POINT('Control Point',(315.112995437,76.7854758514,64.0023082296)) ;
#2390=CARTESIAN_POINT('Control Point',(315.116001992,76.5142412016,65.383141676)) ;
#2391=CARTESIAN_POINT('Control Point',(315.118893014,76.1729448598,66.7500517227)) ;
#2392=CARTESIAN_POINT('Control Point',(336.656487158,76.6015579227,65.5317730174)) ;
#2393=CARTESIAN_POINT('Control Point',(336.663501994,76.379200937,66.8886121567)) ;
#2394=CARTESIAN_POINT('Control Point',(336.67015695,76.0901446735,68.2363483502)) ;
#2395=CARTESIAN_POINT('Control Point',(336.676547461,75.7358143362,69.5695243306)) ;
#2396=CARTESIAN_POINT('Control Point',(358.241587405,75.9653583055,67.4977025881)) ;
#2397=CARTESIAN_POINT('Control Point',(358.248520781,75.7260928931,68.8248820006)) ;
#2398=CARTESIAN_POINT('Control Point',(358.255002283,75.4243473473,70.1421238052)) ;
#2399=CARTESIAN_POINT('Control Point',(358.261185891,75.0615885212,71.4442582112)) ;
#2400=CARTESIAN_POINT('Control Point',(372.196275148,75.4356891917,68.371639)) ;
#2401=CARTESIAN_POINT('Control Point',(372.200884712,75.1878868286,69.6808461482)) ;
#2402=CARTESIAN_POINT('Control Point',(372.205078234,74.8802053372,70.979625773)) ;
#2403=CARTESIAN_POINT('Control Point',(372.209033533,74.5140571718,72.2629702253)) ;
#2404=CARTESIAN_POINT('Control Point',(386.127039772,74.8228938257,68.8265026295)) ;
#2405=CARTESIAN_POINT('Control Point',(386.129801363,74.5691086879,70.1189298111)) ;
#2406=CARTESIAN_POINT('Control Point',(386.132287647,74.2577529793,71.40052357)) ;
#2407=CARTESIAN_POINT('Control Point',(386.134628325,73.8901523865,72.6664111967)) ;
#2408=CARTESIAN_POINT('Control Point',(400.,74.11320422,68.889612671)) ;
#2409=CARTESIAN_POINT('Control Point',(400.,73.8558978988,70.166451912)) ;
#2410=CARTESIAN_POINT('Control Point',(400.,73.5431206046,71.4321114849)) ;
#2411=CARTESIAN_POINT('Control Point',(400.,73.176050193,72.6818251733)) ;
#611=DIRECTION('Axis2P3D Direction',(-1.,0.,0.)) ;
#612=DIRECTION('Axis2P3D XDirection',(0.,0.99564228203,-0.0932547384015)) ;
#886=DIRECTION('Axis2P3D Direction',(-1.,0.,0.)) ;
#887=DIRECTION('Axis2P3D XDirection',(0.,0.976301279334,0.216415831147)) ;
#48=AXIS2_PLACEMENT_3D(' ',#47,$,$) ;
#613=AXIS2_PLACEMENT_3D('Plane Axis2P3D',#610,#611,#612) ;
#888=AXIS2_PLACEMENT_3D('Plane Axis2P3D',#885,#886,#887) ;
#40=PRODUCT_DEFINITION_SHAPE(' ',' ',#14) ;
#31=APPROVAL_PERSON_ORGANIZATION(#25,#21,#19) ;
#25=PERSON_AND_ORGANIZATION(#22,#23) ;
#22=PERSON(' ',' ',' ',$,$,$) ;
#23=ORGANIZATION(' ',' ',' ') ;
#21=APPROVAL(#20,' ') ;
#20=APPROVAL_STATUS('not_yet_approved') ;
#19=APPROVAL_ROLE('APPROVER') ;
#13=DATE_AND_TIME(#11,#12) ;
#12=LOCAL_TIME(21,14,21.,#10) ;
#10=COORDINATED_UNIVERSAL_TIME_OFFSET(0,0,.AHEAD.) ;
#385=ORIENTED_EDGE('',*,*,#328,.F.) ;
#386=ORIENTED_EDGE('',*,*,#341,.T.) ;
#387=ORIENTED_EDGE('',*,*,#372,.T.) ;
#388=ORIENTED_EDGE('',*,*,#383,.F.) ;
#604=ORIENTED_EDGE('',*,*,#586,.F.) ;
#605=ORIENTED_EDGE('',*,*,#594,.T.) ;
#606=ORIENTED_EDGE('',*,*,#328,.T.) ;
#607=ORIENTED_EDGE('',*,*,#602,.F.) ;
#719=ORIENTED_EDGE('',*,*,#594,.F.) ;
#720=ORIENTED_EDGE('',*,*,#624,.F.) ;
#721=ORIENTED_EDGE('',*,*,#634,.F.) ;
#722=ORIENTED_EDGE('',*,*,#644,.F.) ;
#723=ORIENTED_EDGE('',*,*,#654,.F.) ;
#724=ORIENTED_EDGE('',*,*,#679,.F.) ;
#725=ORIENTED_EDGE('',*,*,#689,.F.) ;
#726=ORIENTED_EDGE('',*,*,#699,.F.) ;
#727=ORIENTED_EDGE('',*,*,#709,.F.) ;
#728=ORIENTED_EDGE('',*,*,#717,.F.) ;
#729=ORIENTED_EDGE('',*,*,#341,.F.) ;
#879=ORIENTED_EDGE('',*,*,#372,.F.) ;
#880=ORIENTED_EDGE('',*,*,#717,.T.) ;
#881=ORIENTED_EDGE('',*,*,#871,.T.) ;
#882=ORIENTED_EDGE('',*,*,#877,.F.) ;
#978=ORIENTED_EDGE('',*,*,#383,.T.) ;
#979=ORIENTED_EDGE('',*,*,#877,.T.) ;
#980=ORIENTED_EDGE('',*,*,#899,.T.) ;
#981=ORIENTED_EDGE('',*,*,#909,.T.) ;
#982=ORIENTED_EDGE('',*,*,#919,.T.) ;
#983=ORIENTED_EDGE('',*,*,#938,.T.) ;
#984=ORIENTED_EDGE('',*,*,#948,.T.) ;
#985=ORIENTED_EDGE('',*,*,#958,.T.) ;
#986=ORIENTED_EDGE('',*,*,#968,.T.) ;
#987=ORIENTED_EDGE('',*,*,#976,.T.) ;
#988=ORIENTED_EDGE('',*,*,#602,.T.) ;
#1130=ORIENTED_EDGE('',*,*,#1128,.F.) ;
#1131=ORIENTED_EDGE('',*,*,#624,.T.) ;
#1132=ORIENTED_EDGE('',*,*,#586,.T.) ;
#1133=ORIENTED_EDGE('',*,*,#976,.F.) ;
#1275=ORIENTED_EDGE('',*,*,#871,.F.) ;
#1276=ORIENTED_EDGE('',*,*,#709,.T.) ;
#1277=ORIENTED_EDGE('',*,*,#1273,.T.) ;
#1278=ORIENTED_EDGE('',*,*,#899,.F.) ;
#1420=ORIENTED_EDGE('',*,*,#1273,.F.) ;
#1421=ORIENTED_EDGE('',*,*,#699,.T.) ;
#1422=ORIENTED_EDGE('',*,*,#1418,.T.) ;
#1423=ORIENTED_EDGE('',*,*,#909,.F.) ;
#1565=ORIENTED_EDGE('',*,*,#1418,.F.) ;
#1566=ORIENTED_EDGE('',*,*,#689,.T.) ;
#1567=ORIENTED_EDGE('',*,*,#1563,.T.) ;
#1568=ORIENTED_EDGE('',*,*,#919,.F.) ;
#2007=ORIENTED_EDGE('',*,*,#1563,.F.) ;
#2008=ORIENTED_EDGE('',*,*,#679,.T.) ;
#2009=ORIENTED_EDGE('',*,*,#2005,.T.) ;
#2010=ORIENTED_EDGE('',*,*,#938,.F.) ;
#2152=ORIENTED_EDGE('',*,*,#2005,.F.) ;
#2153=ORIENTED_EDGE('',*,*,#654,.T.) ;
#2154=ORIENTED_EDGE('',*,*,#2150,.T.) ;
#2155=ORIENTED_EDGE('',*,*,#948,.F.) ;
#2297=ORIENTED_EDGE('',*,*,#2150,.F.) ;
#2298=ORIENTED_EDGE('',*,*,#644,.T.) ;
#2299=ORIENTED_EDGE('',*,*,#2295,.T.) ;
#2300=ORIENTED_EDGE('',*,*,#958,.F.) ;
#2413=ORIENTED_EDGE('',*,*,#2295,.F.) ;
#2414=ORIENTED_EDGE('',*,*,#634,.T.) ;
#2415=ORIENTED_EDGE('',*,*,#1128,.T.) ;
#2416=ORIENTED_EDGE('',*,*,#968,.F.) ;
#51=CLOSED_SHELL('Closed Shell',(#390,#609,#731,#884,#990,#1135,#1280,#1425,#1570,#2012,#2157,#2302,#2418)) ;
#2420=ADVANCED_BREP_SHAPE_REPRESENTATION('NONE',(#2419),#46) ;
#49=SHAPE_REPRESENTATION(' ',(#48),#46) ;
#390=ADVANCED_FACE('FLUID_VOLUME',(#389),#52,.F.) ;
#609=ADVANCED_FACE('FLUID_VOLUME',(#608),#391,.F.) ;
#731=ADVANCED_FACE('FLUID_VOLUME',(#730),#614,.T.) ;
#884=ADVANCED_FACE('FLUID_VOLUME',(#883),#732,.F.) ;
#990=ADVANCED_FACE('FLUID_VOLUME',(#989),#889,.F.) ;
#1135=ADVANCED_FACE('FLUID_VOLUME',(#1134),#991,.F.) ;
#1280=ADVANCED_FACE('FLUID_VOLUME',(#1279),#1136,.F.) ;
#1425=ADVANCED_FACE('FLUID_VOLUME',(#1424),#1281,.F.) ;
#1570=ADVANCED_FACE('FLUID_VOLUME',(#1569),#1426,.F.) ;
#2012=ADVANCED_FACE('FLUID_VOLUME',(#2011),#1571,.F.) ;
#2157=ADVANCED_FACE('FLUID_VOLUME',(#2156),#2013,.F.) ;
#2302=ADVANCED_FACE('FLUID_VOLUME',(#2301),#2158,.F.) ;
#2418=ADVANCED_FACE('FLUID_VOLUME',(#2417),#2303,.F.) ;
#4=APPLICATION_PROTOCOL_DEFINITION('international standard','config_control_design',1994,#1) ;
#32=APPROVAL_DATE_TIME(#13,#21) ;
#296=B_SPLINE_CURVE_WITH_KNOTS('',5,(#297,#298,#299,#300,#301,#302,#303,#304,#305,#306,#307,#308,#309,#310,#311,#312,#313,#314,#315,#316,#317,#318,#319,#320,#321,#322,#323),.UNSPECIFIED.,.F.,.U.,(6,3,3,3,3,3,3,3,6),(0.,68.0109400524,103.606740888,172.952351584,209.909662203,240.894513877,300.624652742,338.785709165,408.968984005),.UNSPECIFIED.) ;
#329=B_SPLINE_CURVE_WITH_KNOTS('',5,(#330,#331,#332,#333,#334,#335,#336,#337,#338),.UNSPECIFIED.,.F.,.U.,(6,3,6),(71.0521497418,163.337175839,255.622201937),.UNSPECIFIED.) ;
#342=B_SPLINE_CURVE_WITH_KNOTS('',5,(#343,#344,#345,#346,#347,#348,#349,#350,#351,#352,#353,#354,#355,#356,#357,#358,#359,#360,#361,#362,#363,#364,#365,#366,#367,#368,#369),.UNSPECIFIED.,.F.,.U.,(6,3,3,3,3,3,3,3,6),(0.,68.0109400524,103.606740888,172.952351584,209.909662203,240.894513877,300.624652742,338.785709165,408.968984005),.UNSPECIFIED.) ;
#373=B_SPLINE_CURVE_WITH_KNOTS('',5,(#374,#375,#376,#377,#378,#379,#380,#381,#382),.UNSPECIFIED.,.F.,.U.,(6,3,6),(71.0521497418,163.337175839,255.622201937),.UNSPECIFIED.) ;
#554=B_SPLINE_CURVE_WITH_KNOTS('',5,(#555,#556,#557,#558,#559,#560,#561,#562,#563,#564,#565,#566,#567,#568,#569,#570,#571,#572,#573,#574,#575,#576,#577,#578,#579,#580,#581),.UNSPECIFIED.,.F.,.U.,(6,3,3,3,3,3,3,3,6),(0.,68.0109400524,103.606740888,172.952351584,209.909662203,240.894513877,300.624652742,338.785709165,408.968984005),.UNSPECIFIED.) ;
#587=B_SPLINE_CURVE_WITH_KNOTS('',5,(#588,#589,#590,#591,#592,#593),.UNSPECIFIED.,.F.,.U.,(6,6),(0.,71.0521497418),.UNSPECIFIED.) ;
#595=B_SPLINE_CURVE_WITH_KNOTS('',5,(#596,#597,#598,#599,#600,#601),.UNSPECIFIED.,.F.,.U.,(6,6),(0.,71.0521497418),.UNSPECIFIED.) ;
#615=B_SPLINE_CURVE_WITH_KNOTS('',5,(#616,#617,#618,#619,#620,#621),.UNSPECIFIED.,.F.,.U.,(6,6),(0.,8.00564568867),.UNSPECIFIED.) ;
#625=B_SPLINE_CURVE_WITH_KNOTS('',5,(#626,#627,#628,#629,#630,#631),.UNSPECIFIED.,.F.,.U.,(6,6),(0.,12.0782185013),.UNSPECIFIED.) ;
#635=B_SPLINE_CURVE_WITH_KNOTS('',5,(#636,#637,#638,#639,#640,#641),.UNSPECIFIED.,.F.,.U.,(6,6),(0.,14.2126082689),.UNSPECIFIED.) ;
#645=B_SPLINE_CURVE_WITH_KNOTS('',5,(#646,#647,#648,#649,#650,#651),.UNSPECIFIED.,.F.,.U.,(6,6),(0.,12.2897290702),.UNSPECIFIED.) ;
#655=B_SPLINE_CURVE_WITH_KNOTS('',5,(#656,#657,#658,#659,#660,#661,#662,#663,#664,#665,#666,#667,#668,#669,#670,#671,#672,#673,#674,#675,#676),.UNSPECIFIED.,.F.,.U.,(6,3,3,3,3,3,6),(0.,45.5153999222,91.2142765859,152.425714553,231.177806819,286.43032443,315.870264875),.UNSPECIFIED.) ;
#680=B_SPLINE_CURVE_WITH_KNOTS('',5,(#681,#682,#683,#684,#685,#686),.UNSPECIFIED.,.F.,.U.,(6,6),(0.,8.00564887724),.UNSPECIFIED.) ;
#690=B_SPLINE_CURVE_WITH_KNOTS('',5,(#691,#692,#693,#694,#695,#696),.UNSPECIFIED.,.F.,.U.,(6,6),(0.,12.0781923041),.UNSPECIFIED.) ;
#700=B_SPLINE_CURVE_WITH_KNOTS('',5,(#701,#702,#703,#704,#705,#706),.UNSPECIFIED.,.F.,.U.,(6,6),(0.,14.2126495971),.UNSPECIFIED.) ;
#710=B_SPLINE_CURVE_WITH_KNOTS('',5,(#711,#712,#713,#714,#715,#716),.UNSPECIFIED.,.F.,.U.,(6,6),(0.,12.2896936816),.UNSPECIFIED.) ;
#841=B_SPLINE_CURVE_WITH_KNOTS('',5,(#842,#843,#844,#845,#846,#847,#848,#849,#850,#851,#852,#853,#854,#855,#856,#857,#858,#859,#860,#861,#862,#863,#864,#865,#866,#867,#868),.UNSPECIFIED.,.F.,.U.,(6,3,3,3,3,3,3,3,6),(0.,68.0109400524,103.606740888,172.952351584,209.909662203,240.894513877,300.624652742,338.785709165,408.968984005),.UNSPECIFIED.) ;
#872=B_SPLINE_CURVE_WITH_KNOTS('',3,(#873,#874,#875,#876),.UNSPECIFIED.,.F.,.U.,(4,4),(255.622201937,266.240686604),.UNSPECIFIED.) ;
#890=B_SPLINE_CURVE_WITH_KNOTS('',5,(#891,#892,#893,#894,#895,#896),.UNSPECIFIED.,.F.,.U.,(6,6),(0.,13.2870924155),.UNSPECIFIED.) ;
#900=B_SPLINE_CURVE_WITH_KNOTS('',5,(#901,#902,#903,#904,#905,#906),.UNSPECIFIED.,.F.,.U.,(6,6),(0.,11.3363250366),.UNSPECIFIED.) ;
#910=B_SPLINE_CURVE_WITH_KNOTS('',5,(#911,#912,#913,#914,#915,#916),.UNSPECIFIED.,.F.,.U.,(6,6),(0.,7.52272812018),.UNSPECIFIED.) ;
#920=B_SPLINE_CURVE_WITH_KNOTS('',5,(#921,#922,#923,#924,#925,#926,#927,#928,#929,#930,#931,#932,#933,#934,#935),.UNSPECIFIED.,.F.,.U.,(6,3,3,3,6),(0.,79.3348341277,158.671404122,238.008335234,284.981237566),.UNSPECIFIED.) ;
#939=B_SPLINE_CURVE_WITH_KNOTS('',5,(#940,#941,#942,#943,#944,#945),.UNSPECIFIED.,.F.,.U.,(6,6),(0.,11.4298495021),.UNSPECIFIED.) ;
#949=B_SPLINE_CURVE_WITH_KNOTS('',5,(#950,#951,#952,#953,#954,#955),.UNSPECIFIED.,.F.,.U.,(6,6),(0.,13.2870586365),.UNSPECIFIED.) ;
#959=B_SPLINE_CURVE_WITH_KNOTS('',5,(#960,#961,#962,#963,#964,#965),.UNSPECIFIED.,.F.,.U.,(6,6),(0.,11.3363466697),.UNSPECIFIED.) ;
#969=B_SPLINE_CURVE_WITH_KNOTS('',5,(#970,#971,#972,#973,#974,#975),.UNSPECIFIED.,.F.,.U.,(6,6),(0.,7.52272547305),.UNSPECIFIED.) ;
#1100=B_SPLINE_CURVE_WITH_KNOTS('',5,(#1101,#1102,#1103,#1104,#1105,#1106,#1107,#1108,#1109,#1110,#1111,#1112,#1113,#1114,#1115,#1116,#1117,#1118,#1119,#1120,#1121,#1122,#1123,#1124,#1125,#1126,#1127),.UNSPECIFIED.,.F.,.U.,(6,3,3,3,3,3,3,3,6),(0.,68.0109400524,103.606740888,172.952351584,209.909662203,240.894513877,300.624652742,338.785709165,408.968984005),.UNSPECIFIED.) ;
#1245=B_SPLINE_CURVE_WITH_KNOTS('',5,(#1246,#1247,#1248,#1249,#1250,#1251,#1252,#1253,#1254,#1255,#1256,#1257,#1258,#1259,#1260,#1261,#1262,#1263,#1264,#1265,#1266,#1267,#1268,#1269,#1270,#1271,#1272),.UNSPECIFIED.,.F.,.U.,(6,3,3,3,3,3,3,3,6),(0.,68.0109400524,103.606740888,172.952351584,209.909662203,240.894513877,300.624652742,338.785709165,408.968984005),.UNSPECIFIED.) ;
#1390=B_SPLINE_CURVE_WITH_KNOTS('',5,(#1391,#1392,#1393,#1394,#1395,#1396,#1397,#1398,#1399,#1400,#1401,#1402,#1403,#1404,#1405,#1406,#1407,#1408,#1409,#1410,#1411,#1412,#1413,#1414,#1415,#1416,#1417),.UNSPECIFIED.,.F.,.U.,(6,3,3,3,3,3,3,3,6),(0.,68.0109400524,103.606740888,172.952351584,209.909662203,240.894513877,300.624652742,338.785709165,408.968984005),.UNSPECIFIED.) ;
#1535=B_SPLINE_CURVE_WITH_KNOTS('',5,(#1536,#1537,#1538,#1539,#1540,#1541,#1542,#1543,#1544,#1545,#1546,#1547,#1548,#1549,#1550,#1551,#1552,#1553,#1554,#1555,#1556,#1557,#1558,#1559,#1560,#1561,#1562),.UNSPECIFIED.,.F.,.U.,(6,3,3,3,3,3,3,3,6),(0.,68.0109400524,103.606740888,172.952351584,209.909662203,240.894513877,300.624652742,338.785709165,408.968984005),.UNSPECIFIED.) ;
#1977=B_SPLINE_CURVE_WITH_KNOTS('',5,(#1978,#1979,#1980,#1981,#1982,#1983,#1984,#1985,#1986,#1987,#1988,#1989,#1990,#1991,#1992,#1993,#1994,#1995,#1996,#1997,#1998,#1999,#2000,#2001,#2002,#2003,#2004),.UNSPECIFIED.,.F.,.U.,(6,3,3,3,3,3,3,3,6),(0.,68.0109400524,103.606740888,172.952351584,209.909662203,240.894513877,300.624652742,338.785709165,408.968984005),.UNSPECIFIED.) ;
#2122=B_SPLINE_CURVE_WITH_KNOTS('',5,(#2123,#2124,#2125,#2126,#2127,#2128,#2129,#2130,#2131,#2132,#2133,#2134,#2135,#2136,#2137,#2138,#2139,#2140,#2141,#2142,#2143,#2144,#2145,#2146,#2147,#2148,#2149),.UNSPECIFIED.,.F.,.U.,(6,3,3,3,3,3,3,3,6),(0.,68.0109400524,103.606740888,172.952351584,209.909662203,240.894513877,300.624652742,338.785709165,408.968984005),.UNSPECIFIED.) ;
#2267=B_SPLINE_CURVE_WITH_KNOTS('',5,(#2268,#2269,#2270,#2271,#2272,#2273,#2274,#2275,#2276,#2277,#2278,#2279,#2280,#2281,#2282,#2283,#2284,#2285,#2286,#2287,#2288,#2289,#2290,#2291,#2292,#2293,#2294),.UNSPECIFIED.,.F.,.U.,(6,3,3,3,3,3,3,3,6),(0.,68.0109400524,103.606740888,172.952351584,209.909662203,240.894513877,300.624652742,338.785709165,408.968984005),.UNSPECIFIED.) ;
#52=B_SPLINE_SURFACE_WITH_KNOTS('',5,5,((#53,#54,#55,#56,#57,#58,#59,#60,#61),(#62,#63,#64,#65,#66,#67,#68,#69,#70),(#71,#72,#73,#74,#75,#76,#77,#78,#79),(#80,#81,#82,#83,#84,#85,#86,#87,#88),(#89,#90,#91,#92,#93,#94,#95,#96,#97),(#98,#99,#100,#101,#102,#103,#104,#105,#106),(#107,#108,#109,#110,#111,#112,#113,#114,#115),(#116,#117,#118,#119,#120,#121,#122,#123,#124),(#125,#126,#127,#128,#129,#130,#131,#132,#133),(#134,#135,#136,#137,#138,#139,#140,#141,#142),(#143,#144,#145,#146,#147,#148,#149,#150,#151),(#152,#153,#154,#155,#156,#157,#158,#159,#160),(#161,#162,#163,#164,#165,#166,#167,#168,#169),(#170,#171,#172,#173,#174,#175,#176,#177,#178),(#179,#180,#181,#182,#183,#184,#185,#186,#187),(#188,#189,#190,#191,#192,#193,#194,#195,#196),(#197,#198,#199,#200,#201,#202,#203,#204,#205),(#206,#207,#208,#209,#210,#211,#212,#213,#214),(#215,#216,#217,#218,#219,#220,#221,#222,#223),(#224,#225,#226,#227,#228,#229,#230,#231,#232),(#233,#234,#235,#236,#237,#238,#239,#240,#241),(#242,#243,#244,#245,#246,#247,#248,#249,#250),(#251,#252,#253,#254,#255,#256,#257,#258,#259),(#260,#261,#262,#263,#264,#265,#266,#267,#268),(#269,#270,#271,#272,#273,#274,#275,#276,#277),(#278,#279,#280,#281,#282,#283,#284,#285,#286),(#287,#288,#289,#290,#291,#292,#293,#294,#295)),.UNSPECIFIED.,.F.,.F.,.U.,(6,3,3,3,3,3,3,3,6),(6,3,6),(0.,68.0109400524,103.606740888,172.952351584,209.909662203,240.894513877,300.624652742,338.785709165,408.968984005),(71.0521497418,163.337175839,255.622201937),.UNSPECIFIED.) ;
#391=B_SPLINE_SURFACE_WITH_KNOTS('',5,5,((#392,#393,#394,#395,#396,#397),(#398,#399,#400,#401,#402,#403),(#404,#405,#406,#407,#408,#409),(#410,#411,#412,#413,#414,#415),(#416,#417,#418,#419,#420,#421),(#422,#423,#424,#425,#426,#427),(#428,#429,#430,#431,#432,#433),(#434,#435,#436,#437,#438,#439),(#440,#441,#442,#443,#444,#445),(#446,#447,#448,#449,#450,#451),(#452,#453,#454,#455,#456,#457),(#458,#459,#460,#461,#462,#463),(#464,#465,#466,#467,#468,#469),(#470,#471,#472,#473,#474,#475),(#476,#477,#478,#479,#480,#481),(#482,#483,#484,#485,#486,#487),(#488,#489,#490,#491,#492,#493),(#494,#495,#496,#497,#498,#499),(#500,#501,#502,#503,#504,#505),(#506,#507,#508,#509,#510,#511),(#512,#513,#514,#515,#516,#517),(#518,#519,#520,#521,#522,#523),(#524,#525,#526,#527,#528,#529),(#530,#531,#532,#533,#534,#535),(#536,#537,#538,#539,#540,#541),(#542,#543,#544,#545,#546,#547),(#548,#549,#550,#551,#552,#553)),.UNSPECIFIED.,.F.,.F.,.U.,(6,3,3,3,3,3,3,3,6),(6,6),(0.,68.0109400524,103.606740888,172.952351584,209.909662203,240.894513877,300.624652742,338.785709165,408.968984005),(0.,71.0521497418),.UNSPECIFIED.) ;
#732=B_SPLINE_SURFACE_WITH_KNOTS('',5,3,((#733,#734,#735,#736),(#737,#738,#739,#740),(#741,#742,#743,#744),(#745,#746,#747,#748),(#749,#750,#751,#752),(#753,#754,#755,#756),(#757,#758,#759,#760),(#761,#762,#763,#764),(#765,#766,#767,#768),(#769,#770,#771,#772),(#773,#774,#775,#776),(#777,#778,#779,#780),(#781,#782,#783,#784),(#785,#786,#787,#788),(#789,#790,#791,#792),(#793,#794,#795,#796),(#797,#798,#799,#800),(#801,#802,#803,#804),(#805,#806,#807,#808),(#809,#810,#811,#812),(#813,#814,#815,#816),(#817,#818,#819,#820),(#821,#822,#823,#824),(#825,#826,#827,#828),(#829,#830,#831,#832),(#833,#834,#835,#836),(#837,#838,#839,#840)),.UNSPECIFIED.,.F.,.F.,.U.,(6,3,3,3,3,3,3,3,6),(4,4),(0.,68.0109400524,103.606740888,172.952351584,209.909662203,240.894513877,300.624652742,338.785709165,408.968984005),(255.622201937,266.240686604),.UNSPECIFIED.) ;
#991=B_SPLINE_SURFACE_WITH_KNOTS('',5,3,((#992,#993,#994,#995),(#996,#997,#998,#999),(#1000,#1001,#1002,#1003),(#1004,#1005,#1006,#1007),(#1008,#1009,#1010,#1011),(#1012,#1013,#1014,#1015),(#1016,#1017,#1018,#1019),(#1020,#1021,#1022,#1023),(#1024,#1025,#1026,#1027),(#1028,#1029,#1030,#1031),(#1032,#1033,#1034,#1035),(#1036,#1037,#1038,#1039),(#1040,#1041,#1042,#1043),(#1044,#1045,#1046,#1047),(#1048,#1049,#1050,#1051),(#1052,#1053,#1054,#1055),(#1056,#1057,#1058,#1059),(#1060,#1061,#1062,#1063),(#1064,#1065,#1066,#1067),(#1068,#1069,#1070,#1071),(#1072,#1073,#1074,#1075),(#1076,#1077,#1078,#1079),(#1080,#1081,#1082,#1083),(#1084,#1085,#1086,#1087),(#1088,#1089,#1090,#1091),(#1092,#1093,#1094,#1095),(#1096,#1097,#1098,#1099)),.UNSPECIFIED.,.F.,.F.,.U.,(6,3,3,3,3,3,3,3,6),(4,4),(0.,68.0109400524,103.606740888,172.952351584,209.909662203,240.894513877,300.624652742,338.785709165,408.968984005),(585.682276492,592.754516371),.UNSPECIFIED.) ;
#1136=B_SPLINE_SURFACE_WITH_KNOTS('',5,3,((#1137,#1138,#1139,#1140),(#1141,#1142,#1143,#1144),(#1145,#1146,#1147,#1148),(#1149,#1150,#1151,#1152),(#1153,#1154,#1155,#1156),(#1157,#1158,#1159,#1160),(#1161,#1162,#1163,#1164),(#1165,#1166,#1167,#1168),(#1169,#1170,#1171,#1172),(#1173,#1174,#1175,#1176),(#1177,#1178,#1179,#1180),(#1181,#1182,#1183,#1184),(#1185,#1186,#1187,#1188),(#1189,#1190,#1191,#1192),(#1193,#1194,#1195,#1196),(#1197,#1198,#1199,#1200),(#1201,#1202,#1203,#1204),(#1205,#1206,#1207,#1208),(#1209,#1210,#1211,#1212),(#1213,#1214,#1215,#1216),(#1217,#1218,#1219,#1220),(#1221,#1222,#1223,#1224),(#1225,#1226,#1227,#1228),(#1229,#1230,#1231,#1232),(#1233,#1234,#1235,#1236),(#1237,#1238,#1239,#1240),(#1241,#1242,#1243,#1244)),.UNSPECIFIED.,.F.,.F.,.U.,(6,3,3,3,3,3,3,3,6),(4,4),(0.,68.0109400524,103.606740888,172.952351584,209.909662203,240.894513877,300.624652742,338.785709165,408.968984005),(266.240686604,278.662970011),.UNSPECIFIED.) ;
#1281=B_SPLINE_SURFACE_WITH_KNOTS('',5,3,((#1282,#1283,#1284,#1285),(#1286,#1287,#1288,#1289),(#1290,#1291,#1292,#1293),(#1294,#1295,#1296,#1297),(#1298,#1299,#1300,#1301),(#1302,#1303,#1304,#1305),(#1306,#1307,#1308,#1309),(#1310,#1311,#1312,#1313),(#1314,#1315,#1316,#1317),(#1318,#1319,#1320,#1321),(#1322,#1323,#1324,#1325),(#1326,#1327,#1328,#1329),(#1330,#1331,#1332,#1333),(#1334,#1335,#1336,#1337),(#1338,#1339,#1340,#1341),(#1342,#1343,#1344,#1345),(#1346,#1347,#1348,#1349),(#1350,#1351,#1352,#1353),(#1354,#1355,#1356,#1357),(#1358,#1359,#1360,#1361),(#1362,#1363,#1364,#1365),(#1366,#1367,#1368,#1369),(#1370,#1371,#1372,#1373),(#1374,#1375,#1376,#1377),(#1378,#1379,#1380,#1381),(#1382,#1383,#1384,#1385),(#1386,#1387,#1388,#1389)),.UNSPECIFIED.,.F.,.F.,.U.,(6,3,3,3,3,3,3,3,6),(4,4),(0.,68.0109400524,103.606740888,172.952351584,209.909662203,240.894513877,300.624652742,338.785709165,408.968984005),(278.662970011,289.305015491),.UNSPECIFIED.) ;
#1426=B_SPLINE_SURFACE_WITH_KNOTS('',5,3,((#1427,#1428,#1429,#1430),(#1431,#1432,#1433,#1434),(#1435,#1436,#1437,#1438),(#1439,#1440,#1441,#1442),(#1443,#1444,#1445,#1446),(#1447,#1448,#1449,#1450),(#1451,#1452,#1453,#1454),(#1455,#1456,#1457,#1458),(#1459,#1460,#1461,#1462),(#1463,#1464,#1465,#1466),(#1467,#1468,#1469,#1470),(#1471,#1472,#1473,#1474),(#1475,#1476,#1477,#1478),(#1479,#1480,#1481,#1482),(#1483,#1484,#1485,#1486),(#1487,#1488,#1489,#1490),(#1491,#1492,#1493,#1494),(#1495,#1496,#1497,#1498),(#1499,#1500,#1501,#1502),(#1503,#1504,#1505,#1506),(#1507,#1508,#1509,#1510),(#1511,#1512,#1513,#1514),(#1515,#1516,#1517,#1518),(#1519,#1520,#1521,#1522),(#1523,#1524,#1525,#1526),(#1527,#1528,#1529,#1530),(#1531,#1532,#1533,#1534)),.UNSPECIFIED.,.F.,.F.,.U.,(6,3,3,3,3,3,3,3,6),(4,4),(0.,68.0109400524,103.606740888,172.952351584,209.909662203,240.894513877,300.624652742,338.785709165,408.968984005),(289.305015491,296.377258186),.UNSPECIFIED.) ;
#1571=B_SPLINE_SURFACE_WITH_KNOTS('',5,5,((#1572,#1573,#1574,#1575,#1576,#1577,#1578,#1579,#1580,#1581,#1582,#1583,#1584,#1585,#1586),(#1587,#1588,#1589,#1590,#1591,#1592,#1593,#1594,#1595,#1596,#1597,#1598,#1599,#1600,#1601),(#1602,#1603,#1604,#1605,#1606,#1607,#1608,#1609,#1610,#1611,#1612,#1613,#1614,#1615,#1616),(#1617,#1618,#1619,#1620,#1621,#1622,#1623,#1624,#1625,#1626,#1627,#1628,#1629,#1630,#1631),(#1632,#1633,#1634,#1635,#1636,#1637,#1638,#1639,#1640,#1641,#1642,#1643,#1644,#1645,#1646),(#1647,#1648,#1649,#1650,#1651,#1652,#1653,#1654,#1655,#1656,#1657,#1658,#1659,#1660,#1661),(#1662,#1663,#1664,#1665,#1666,#1667,#1668,#1669,#1670,#1671,#1672,#1673,#1674,#1675,#1676),(#1677,#1678,#1679,#1680,#1681,#1682,#1683,#1684,#1685,#1686,#1687,#1688,#1689,#1690,#1691),(#1692,#1693,#1694,#1695,#1696,#1697,#1698,#1699,#1700,#1701,#1702,#1703,#1704,#1705,#1706),(#1707,#1708,#1709,#1710,#1711,#1712,#1713,#1714,#1715,#1716,#1717,#1718,#1719,#1720,#1721),(#1722,#1723,#1724,#1725,#1726,#1727,#1728,#1729,#1730,#1731,#1732,#1733,#1734,#1735,#1736),(#1737,#1738,#1739,#1740,#1741,#1742,#1743,#1744,#1745,#1746,#1747,#1748,#1749,#1750,#1751),(#1752,#1753,#1754,#1755,#1756,#1757,#1758,#1759,#1760,#1761,#1762,#1763,#1764,#1765,#1766),(#1767,#1768,#1769,#1770,#1771,#1772,#1773,#1774,#1775,#1776,#1777,#1778,#1779,#1780,#1781),(#1782,#1783,#1784,#1785,#1786,#1787,#1788,#1789,#1790,#1791,#1792,#1793,#1794,#1795,#1796),(#1797,#1798,#1799,#1800,#1801,#1802,#1803,#1804,#1805,#1806,#1807,#1808,#1809,#1810,#1811),(#1812,#1813,#1814,#1815,#1816,#1817,#1818,#1819,#1820,#1821,#1822,#1823,#1824,#1825,#1826),(#1827,#1828,#1829,#1830,#1831,#1832,#1833,#1834,#1835,#1836,#1837,#1838,#1839,#1840,#1841),(#1842,#1843,#1844,#1845,#1846,#1847,#1848,#1849,#1850,#1851,#1852,#1853,#1854,#1855,#1856),(#1857,#1858,#1859,#1860,#1861,#1862,#1863,#1864,#1865,#1866,#1867,#1868,#1869,#1870,#1871),(#1872,#1873,#1874,#1875,#1876,#1877,#1878,#1879,#1880,#1881,#1882,#1883,#1884,#1885,#1886),(#1887,#1888,#1889,#1890,#1891,#1892,#1893,#1894,#1895,#1896,#1897,#1898,#1899,#1900,#1901),(#1902,#1903,#1904,#1905,#1906,#1907,#1908,#1909,#1910,#1911,#1912,#1913,#1914,#1915,#1916),(#1917,#1918,#1919,#1920,#1921,#1922,#1923,#1924,#1925,#1926,#1927,#1928,#1929,#1930,#1931),(#1932,#1933,#1934,#1935,#1936,#1937,#1938,#1939,#1940,#1941,#1942,#1943,#1944,#1945,#1946),(#1947,#1948,#1949,#1950,#1951,#1952,#1953,#1954,#1955,#1956,#1957,#1958,#1959,#1960,#1961),(#1962,#1963,#1964,#1965,#1966,#1967,#1968,#1969,#1970,#1971,#1972,#1973,#1974,#1975,#1976)),.UNSPECIFIED.,.F.,.F.,.U.,(6,3,3,3,3,3,3,3,6),(6,3,3,3,6),(0.,68.0109400524,103.606740888,172.952351584,209.909662203,240.894513877,300.624652742,338.785709165,408.968984005),(296.377258186,360.282804997,424.188351809,488.093898621,551.999445432),.UNSPECIFIED.) ;
#2013=B_SPLINE_SURFACE_WITH_KNOTS('',5,3,((#2014,#2015,#2016,#2017),(#2018,#2019,#2020,#2021),(#2022,#2023,#2024,#2025),(#2026,#2027,#2028,#2029),(#2030,#2031,#2032,#2033),(#2034,#2035,#2036,#2037),(#2038,#2039,#2040,#2041),(#2042,#2043,#2044,#2045),(#2046,#2047,#2048,#2049),(#2050,#2051,#2052,#2053),(#2054,#2055,#2056,#2057),(#2058,#2059,#2060,#2061),(#2062,#2063,#2064,#2065),(#2066,#2067,#2068,#2069),(#2070,#2071,#2072,#2073),(#2074,#2075,#2076,#2077),(#2078,#2079,#2080,#2081),(#2082,#2083,#2084,#2085),(#2086,#2087,#2088,#2089),(#2090,#2091,#2092,#2093),(#2094,#2095,#2096,#2097),(#2098,#2099,#2100,#2101),(#2102,#2103,#2104,#2105),(#2106,#2107,#2108,#2109),(#2110,#2111,#2112,#2113),(#2114,#2115,#2116,#2117),(#2118,#2119,#2120,#2121)),.UNSPECIFIED.,.F.,.F.,.U.,(6,3,3,3,3,3,3,3,6),(4,4),(0.,68.0109400524,103.606740888,172.952351584,209.909662203,240.894513877,300.624652742,338.785709165,408.968984005),(551.999445432,562.617960692),.UNSPECIFIED.) ;
#2158=B_SPLINE_SURFACE_WITH_KNOTS('',5,3,((#2159,#2160,#2161,#2162),(#2163,#2164,#2165,#2166),(#2167,#2168,#2169,#2170),(#2171,#2172,#2173,#2174),(#2175,#2176,#2177,#2178),(#2179,#2180,#2181,#2182),(#2183,#2184,#2185,#2186),(#2187,#2188,#2189,#2190),(#2191,#2192,#2193,#2194),(#2195,#2196,#2197,#2198),(#2199,#2200,#2201,#2202),(#2203,#2204,#2205,#2206),(#2207,#2208,#2209,#2210),(#2211,#2212,#2213,#2214),(#2215,#2216,#2217,#2218),(#2219,#2220,#2221,#2222),(#2223,#2224,#2225,#2226),(#2227,#2228,#2229,#2230),(#2231,#2232,#2233,#2234),(#2235,#2236,#2237,#2238),(#2239,#2240,#2241,#2242),(#2243,#2244,#2245,#2246),(#2247,#2248,#2249,#2250),(#2251,#2252,#2253,#2254),(#2255,#2256,#2257,#2258),(#2259,#2260,#2261,#2262),(#2263,#2264,#2265,#2266)),.UNSPECIFIED.,.F.,.F.,.U.,(6,3,3,3,3,3,3,3,6),(4,4),(0.,68.0109400524,103.606740888,172.952351584,209.909662203,240.894513877,300.624652742,338.785709165,408.968984005),(562.617960692,575.040207968),.UNSPECIFIED.) ;
#2303=B_SPLINE_SURFACE_WITH_KNOTS('',5,3,((#2304,#2305,#2306,#2307),(#2308,#2309,#2310,#2311),(#2312,#2313,#2314,#2315),(#2316,#2317,#2318,#2319),(#2320,#2321,#2322,#2323),(#2324,#2325,#2326,#2327),(#2328,#2329,#2330,#2331),(#2332,#2333,#2334,#2335),(#2336,#2337,#2338,#2339),(#2340,#2341,#2342,#2343),(#2344,#2345,#2346,#2347),(#2348,#2349,#2350,#2351),(#2352,#2353,#2354,#2355),(#2356,#2357,#2358,#2359),(#2360,#2361,#2362,#2363),(#2364,#2365,#2366,#2367),(#2368,#2369,#2370,#2371),(#2372,#2373,#2374,#2375),(#2376,#2377,#2378,#2379),(#2380,#2381,#2382,#2383),(#2384,#2385,#2386,#2387),(#2388,#2389,#2390,#2391),(#2392,#2393,#2394,#2395),(#2396,#2397,#2398,#2399),(#2400,#2401,#2402,#2403),(#2404,#2405,#2406,#2407),(#2408,#2409,#2410,#2411)),.UNSPECIFIED.,.F.,.F.,.U.,(6,3,3,3,3,3,3,3,6),(4,4),(0.,68.0109400524,103.606740888,172.952351584,209.909662203,240.894513877,300.624652742,338.785709165,408.968984005),(575.040207968,585.682276492),.UNSPECIFIED.) ;
#2419=MANIFOLD_SOLID_BREP('FLUID_VOLUME',#51) ;
#11=CALENDAR_DATE(2026,20,7) ;
#30=CC_DESIGN_APPROVAL(#21,(#16,#6,#14)) ;
#18=CC_DESIGN_DATE_AND_TIME_ASSIGNMENT(#13,#17,(#16)) ;
#29=CC_DESIGN_DATE_AND_TIME_ASSIGNMENT(#13,#28,(#14)) ;
#17=DATE_TIME_ROLE('classification_date') ;
#28=DATE_TIME_ROLE('creation_date') ;
#27=CC_DESIGN_PERSON_AND_ORGANIZATION_ASSIGNMENT(#25,#26,(#16)) ;
#33=CC_DESIGN_PERSON_AND_ORGANIZATION_ASSIGNMENT(#25,#34,(#6)) ;
#35=CC_DESIGN_PERSON_AND_ORGANIZATION_ASSIGNMENT(#25,#36,(#6,#14)) ;
#37=CC_DESIGN_PERSON_AND_ORGANIZATION_ASSIGNMENT(#25,#38,(#5)) ;
#26=PERSON_AND_ORGANIZATION_ROLE('classification_officer') ;
#34=PERSON_AND_ORGANIZATION_ROLE('design_supplier') ;
#36=PERSON_AND_ORGANIZATION_ROLE('creator') ;
#38=PERSON_AND_ORGANIZATION_ROLE('design_owner') ;
#39=CC_DESIGN_SECURITY_CLASSIFICATION(#16,(#6)) ;
#2421=SHAPE_REPRESENTATION_RELATIONSHIP(' ',' ',#49,#2420) ;
#3=DESIGN_CONTEXT(' ',#1,'design') ;
#328=EDGE_CURVE('',#325,#327,#296,.T.) ;
#341=EDGE_CURVE('',#325,#340,#329,.T.) ;
#372=EDGE_CURVE('',#340,#371,#342,.T.) ;
#383=EDGE_CURVE('',#327,#371,#373,.T.) ;
#586=EDGE_CURVE('',#583,#585,#554,.T.) ;
#594=EDGE_CURVE('',#583,#325,#587,.T.) ;
#602=EDGE_CURVE('',#585,#327,#595,.T.) ;
#624=EDGE_CURVE('',#623,#583,#615,.T.) ;
#634=EDGE_CURVE('',#633,#623,#625,.T.) ;
#644=EDGE_CURVE('',#643,#633,#635,.T.) ;
#654=EDGE_CURVE('',#653,#643,#645,.T.) ;
#679=EDGE_CURVE('',#678,#653,#655,.T.) ;
#689=EDGE_CURVE('',#688,#678,#680,.T.) ;
#699=EDGE_CURVE('',#698,#688,#690,.T.) ;
#709=EDGE_CURVE('',#708,#698,#700,.T.) ;
#717=EDGE_CURVE('',#340,#708,#710,.T.) ;
#871=EDGE_CURVE('',#708,#870,#841,.T.) ;
#877=EDGE_CURVE('',#371,#870,#872,.T.) ;
#899=EDGE_CURVE('',#870,#898,#890,.T.) ;
#909=EDGE_CURVE('',#898,#908,#900,.T.) ;
#919=EDGE_CURVE('',#908,#918,#910,.T.) ;
#938=EDGE_CURVE('',#918,#937,#920,.T.) ;
#948=EDGE_CURVE('',#937,#947,#939,.T.) ;
#958=EDGE_CURVE('',#947,#957,#949,.T.) ;
#968=EDGE_CURVE('',#957,#967,#959,.T.) ;
#976=EDGE_CURVE('',#967,#585,#969,.T.) ;
#1128=EDGE_CURVE('',#623,#967,#1100,.T.) ;
#1273=EDGE_CURVE('',#698,#898,#1245,.T.) ;
#1418=EDGE_CURVE('',#688,#908,#1390,.T.) ;
#1563=EDGE_CURVE('',#678,#918,#1535,.T.) ;
#2005=EDGE_CURVE('',#653,#937,#1977,.T.) ;
#2150=EDGE_CURVE('',#643,#947,#2122,.T.) ;
#2295=EDGE_CURVE('',#633,#957,#2267,.T.) ;
#384=EDGE_LOOP('',(#385,#386,#387,#388)) ;
#603=EDGE_LOOP('',(#604,#605,#606,#607)) ;
#718=EDGE_LOOP('',(#719,#720,#721,#722,#723,#724,#725,#726,#727,#728,#729)) ;
#878=EDGE_LOOP('',(#879,#880,#881,#882)) ;
#977=EDGE_LOOP('',(#978,#979,#980,#981,#982,#983,#984,#985,#986,#987,#988)) ;
#1129=EDGE_LOOP('',(#1130,#1131,#1132,#1133)) ;
#1274=EDGE_LOOP('',(#1275,#1276,#1277,#1278)) ;
#1419=EDGE_LOOP('',(#1420,#1421,#1422,#1423)) ;
#1564=EDGE_LOOP('',(#1565,#1566,#1567,#1568)) ;
#2006=EDGE_LOOP('',(#2007,#2008,#2009,#2010)) ;
#2151=EDGE_LOOP('',(#2152,#2153,#2154,#2155)) ;
#2296=EDGE_LOOP('',(#2297,#2298,#2299,#2300)) ;
#2412=EDGE_LOOP('',(#2413,#2414,#2415,#2416)) ;
#389=FACE_OUTER_BOUND('',#384,.T.) ;
#608=FACE_OUTER_BOUND('',#603,.T.) ;
#730=FACE_OUTER_BOUND('',#718,.T.) ;
#883=FACE_OUTER_BOUND('',#878,.T.) ;
#989=FACE_OUTER_BOUND('',#977,.T.) ;
#1134=FACE_OUTER_BOUND('',#1129,.T.) ;
#1279=FACE_OUTER_BOUND('',#1274,.T.) ;
#1424=FACE_OUTER_BOUND('',#1419,.T.) ;
#1569=FACE_OUTER_BOUND('',#1564,.T.) ;
#2011=FACE_OUTER_BOUND('',#2006,.T.) ;
#2156=FACE_OUTER_BOUND('',#2151,.T.) ;
#2301=FACE_OUTER_BOUND('',#2296,.T.) ;
#2417=FACE_OUTER_BOUND('',#2412,.T.) ;
#45=UNCERTAINTY_MEASURE_WITH_UNIT(LENGTH_MEASURE(0.005),#41,'distance_accuracy_value','CONFUSED CURVE UNCERTAINTY') ;
#2=MECHANICAL_CONTEXT(' ',#1,'mechanical') ;
#24=PERSONAL_ADDRESS(' ',' ',' ',' ',' ',' ',' ',' ',' ',' ',' ',' ',(#22),' ') ;
#614=PLANE('',#613) ;
#889=PLANE('',#888) ;
#43=PLANE_ANGLE_MEASURE_WITH_UNIT(PLANE_ANGLE_MEASURE(0.0174532925199),#42) ;
#7=PRODUCT_CATEGORY('part',$) ;
#9=PRODUCT_CATEGORY_RELATIONSHIP(' ',' ',#7,#8) ;
#6=PRODUCT_DEFINITION_FORMATION_WITH_SPECIFIED_SOURCE('',' ',#5,.NOT_KNOWN.) ;
#8=PRODUCT_RELATED_PRODUCT_CATEGORY('detail',$,(#5)) ;
#50=SHAPE_DEFINITION_REPRESENTATION(#40,#49) ;
#325=VERTEX_POINT('',#324) ;
#327=VERTEX_POINT('',#326) ;
#340=VERTEX_POINT('',#339) ;
#371=VERTEX_POINT('',#370) ;
#583=VERTEX_POINT('',#582) ;
#585=VERTEX_POINT('',#584) ;
#623=VERTEX_POINT('',#622) ;
#633=VERTEX_POINT('',#632) ;
#643=VERTEX_POINT('',#642) ;
#653=VERTEX_POINT('',#652) ;
#678=VERTEX_POINT('',#677) ;
#688=VERTEX_POINT('',#687) ;
#698=VERTEX_POINT('',#697) ;
#708=VERTEX_POINT('',#707) ;
#870=VERTEX_POINT('',#869) ;
#898=VERTEX_POINT('',#897) ;
#908=VERTEX_POINT('',#907) ;
#918=VERTEX_POINT('',#917) ;
#937=VERTEX_POINT('',#936) ;
#947=VERTEX_POINT('',#946) ;
#957=VERTEX_POINT('',#956) ;
#967=VERTEX_POINT('',#966) ;
#41=(LENGTH_UNIT()NAMED_UNIT(*)SI_UNIT(.MILLI.,.METRE.)) ;
#42=(NAMED_UNIT(*)PLANE_ANGLE_UNIT()SI_UNIT($,.RADIAN.)) ;
#44=(NAMED_UNIT(*)SI_UNIT($,.STERADIAN.)SOLID_ANGLE_UNIT()) ;
#46=(GEOMETRIC_REPRESENTATION_CONTEXT(3)GLOBAL_UNCERTAINTY_ASSIGNED_CONTEXT((#45))GLOBAL_UNIT_ASSIGNED_CONTEXT((#41,#42,#44))REPRESENTATION_CONTEXT(' ',' ')) ;
ENDSEC;
END-ISO-10303-21;
